YEAR,SEASON,MONTH,LAKE,STATION,LATITUDE,LONGITUDE,"STN_DEPTH, m",SAMPLING_DATE,SAMPLING_DATE TIME ZONE,"SMPL_DEPTH, m",DEPTH_CODE,QC_ID,SAMPLE_ID,"Particulate Total N, mg/L",Particulate Total N qual,"Particulate Total P, ug/L",Particulate Total P qual,"Phosphorus, Extractable as P, ug/L","Phosphorus, Extractable as P qual","Particulate Organic Carbon, mg/L",Particulate Organic Carbon qual,"Total Suspended Solids, mg/L",Total Suspended Solids qual
2006,Spring,April,Erie,ER15M,42.516333,-79.893167,64.2,4/9/2006 17:30,EDT,,INT-SPR,RFS,06GC13I52,0.00516,,1.01348,,,,0.042460907,FRB-QC,0.27625,
2006,Spring,April,Erie,ER78M,42.116833,-81.25,23.6,4/9/2006 5:24,EDT,,INT-SPR,RFS,06GC12I52,0.03072,,9.176,,,,0.35536044,,3.6672,
2006,Spring,April,Erie,ER91M,41.840667,-82.916667,10.2,4/8/2006 5:26,EDT,,INT-SPR,RFS,06GC10I92,0.0424,,20.58,,,,0.52697024,,20.99733333,
2006,Spring,April,Huron,HU15M,44,-82.349833,68.1,4/7/2006 0:14,EDT,,INT-SPR,RFS,06GB19I12,0.00582,,0.97656,,,,0.07789432,,0.281,
2006,Spring,April,Huron,HU45M,45.136667,-82.983333,98.2,4/6/2006 8:59,EDT,,INT-SPR,RFS,06GB17I92,0.004,,1.27778,,,,0.069897973,,0.2345,
2006,Spring,April,Huron,HU54M,45.516667,-83.416667,131.5,4/5/2006 21:07,EDT,,INT-SPR,RFS,06GB17I32,0.00598,,1.08108,,,,0.072772293,,0.245,
2006,Spring,April,Michigan,MI18M,42.733333,-86.999833,160.5,4/2/2006 5:45,EDT,,INT-SPR,RFS,06GA21I52,0.007466667,,1.6,,,,0.074,,0.364666667,
2006,Spring,April,Michigan,MI27M,43.599833,-86.916167,106.1,4/2/2006 11:40,EDT,,INT-SPR,RFS,06GA22I12,0.009066667,,1.556053333,,,,0.103373013,,0.393666667,
2006,Spring,April,Michigan,MI41M,44.736667,-86.721833,264.7,4/2/2006 22:00,EDT,,INT-SPR,RFS,06GA22I92,0.005653333,,1.4,,,,0.066412747,,0.2,
2006,Spring,April,Ontario,ON33M,43.596333,-78.802,140.1,4/11/2006 2:56,EDT,,INT-SPR,RFS,06GE15I52,0.005146667,,1.91104,,,,0.059159573,,0.207,
2006,Spring,April,Ontario,ON55M,43.443167,-77.438,196.5,4/11/2006 20:48,EDT,,INT-SPR,RFS,06GE16I52,0.00848,,1.5476,,,,0.06,,0.30055,
2006,Spring,April,Superior,SU01M,46.993,-85.160833,95.4,4/17/2006 22:51,EDT,,INT-SPR,RFS,06GS24I12,0.00586,,1.23784,,,,0.08,,0.25225,
2006,Spring,April,Superior,SU08M,47.605833,-86.817167,297.7,4/18/2006 15:07,EDT,,INT-SPR,RFS,06GS24I72,0.004906667,,0.94256,,,,0.04060814,,0.17,
2006,Spring,April,Superior,SU17M,47.1645,-89.662,206.3,4/20/2006 9:03,EDT,,INT-SPR,RFS,06GS26I72,0.00568,,1.130853333,,,,0.07336708,,0.14975,
2006,Summer,August,Erie,ER15M,42.516667,-79.893167,63.2,8/12/2006 8:59,EDT,,INT-SUM,RFS,06GC43I52,0.01904,,4.081546667,,,,0.27292276,,0.62,
2006,Summer,August,Erie,ER78M,42.116667,-81.2505,23.1,8/11/2006 23:36,EDT,,INT-SUM,RFS,06GC42I52,0.02584,,5.8976,,,,0.40462936,,0.8005,
2006,Summer,August,Erie,ER91M,41.841,-82.916,10.4,8/9/2006 0:53,EDT,,INT-SUM,RFS,06GC40I92,0.03912,,10.72,,,,0.69216056,,3.3976,
2006,Summer,August,Huron,HU15M,44.0005,-82.3505,68.1,8/7/2006 14:58,EDT,,INT-SUM,RFS,06GB48I72,0.00716,,0.67476,,,,0.094669867,,0.14675,
2006,Summer,August,Huron,HU45M,45.137,-82.982183,100.2,8/6/2006 12:44,EDT,,INT-SUM,RFS,06GB49I92,0.00808,,0.8,,,,0.087042213,,0.198,
2006,Summer,August,Huron,HU45M,45.137,-82.982183,100.2,8/6/2006 12:44,EDT,37.8,DCL,RFS,06GB49S95,0.0124,,1.82688,,,,0.173791787,,0.391333333,
2006,Summer,August,Huron,HU54M,45.516333,-83.416333,128.4,8/6/2006 2:01,EDT,,INT-SUM,RFS,06GB50I52,0.00764,,1.20768,,,,0.1021636,,0.264,
2006,Summer,August,Huron,HU54M,45.516333,-83.416333,128.4,8/6/2006 2:01,EDT,33.2,DCL,RFS,06GB50S55,0.0096,,1.92044,,,,0.154924773,,0.4095,
2006,Summer,August,Michigan,MI18M,42.733667,-86.998667,160.5,8/3/2006 0:04,EDT,,INT-SUM,RFS,06GA58I72,0.0124,,1.10704,,,,0.14400864,,0.277,
2006,Summer,August,Michigan,MI18M,42.733667,-86.998667,160.5,8/3/2006 0:04,EDT,31.2,DCL,RFS,06GA58S75,0.01728,,4.476,,,,0.220059493,,0.557,
2006,Summer,August,Michigan,MI27M,43.6,-86.916833,104,8/3/2006 17:55,EDT,,INT-SUM,RFS,06GA58I12,0.00832,,0.92988,,,,0.092646187,,0.2105,
2006,Summer,August,Michigan,MI27M,43.6,-86.916833,104,8/3/2006 17:55,EDT,31.7,DCL,RFS,06GA58S15,0.0216,,3.878,,,,0.233435787,,0.679666667,
2006,Summer,August,Michigan,MI41M,44.737833,-86.721833,264.6,8/4/2006 11:41,EDT,,INT-SUM,RFS,06GA57I32,0.00904,,1.53376,,,,0.13023224,,0.2865,
2006,Summer,August,Michigan,MI41M,44.737833,-86.721833,264.6,8/4/2006 11:41,EDT,31.7,DCL,RFS,06GA57S35,0.01216,,3.97676,,,,0.211736613,,0.4115,
2006,Summer,August,Ontario,ON33M,43.596667,-78.801667,140.1,8/13/2006 23:35,EDT,,INT-SUM,RFS,06GE45I52,0.019786667,,4.625973333,,,,0.27035472,,1.457,
2006,Summer,August,Ontario,ON33M,43.596667,-78.801667,140.1,8/13/2006 23:35,EDT,18.7,DCL,RFS,06GE45S55,0.03808,,6.197333333,,,,0.50122784,,1.07,
2006,Summer,August,Ontario,ON55M,43.443333,-77.437833,195.6,8/14/2006 22:04,EDT,,INT-SUM,RFS,06GE46I52,0.023466667,,4.135573333,,,,0.26,,1.267666667,
2006,Summer,August,Superior,SU01M,46.993,-85.161,94.4,8/19/2006 16:15,EDT,,INT-SUM,RFS,06GS52I12,0.00648,,1.22708,,,,0.101694053,,0.284,
2006,Summer,August,Superior,SU01M,46.993,-85.161,94.4,8/19/2006 16:15,EDT,29.4,DCL,RFS,06GS52S15,0.01184,,1.820586667,,,,0.193500347,,0.444333333,
2006,Summer,August,Superior,SU08M,47.606,-86.8175,291.9,8/20/2006 17:55,EDT,,INT-SUM,RFS,06GS52I72,0.01332,,1.56036,,,,0.159383813,,0.35375,
2006,Summer,August,Superior,SU08M,47.606,-86.8175,291.9,8/20/2006 17:55,EDT,38.1,DCL,RFS,06GS52S75,0.01108,,1.2,,,,0.168385387,,0.27925,
2006,Summer,August,Superior,SU17M,47.1645,-89.662,203.3,8/22/2006 4:57,EDT,,INT-SUM,RFS,06GS54I72,0.00704,,2.8232,,,,0.114870293,,0.28,
2006,Summer,August,Superior,SU17M,47.1645,-89.662,203.3,8/22/2006 4:57,EDT,27.4,DCL,RFS,06GS54S75,0.00596,,0.8014,,,,0.130052853,,0.226,
2007,Spring,April,Erie,ER15M,42.516333,-79.893167,65.2,4/9/2007 19:17,EDT,,INT-SPR,RFS,07GC20I32,0.00836,,4.216,,,,0.09960672,,0.2295,QCI-QC
2007,Spring,April,Erie,ER78M,42.116667,-81.250167,23.8,4/9/2007 8:05,EDT,,INT-SPR,RFS,07GC19I52,0.0388,,18.768,,,,0.551509013,,0.2455,QCI-QC
2007,Spring,April,Erie,ER91M,41.840833,-82.916667,10.7,4/8/2007 16:57,EDT,,INT-SPR,RFS,07GC17I92,0.03488,,20.816,,,,0.92049664,,18.806,QCI-QC
2007,Spring,April,Huron,HU15M,43.999833,-82.35,69,4/14/2007 14:37,EDT,,INT-SPR,RFS,07GB15I12,0.00498,,1.08568,,,,0.05790056,,0.2295,
2007,Spring,April,Huron,HU45M,45.136667,-82.982833,100.2,4/3/2007 15:04,EDT,,INT-SPR,RFS,07GB13I92,0.00432,,1.28778,,,,0.090380293,,0.2455,
2007,Spring,April,Huron,HU54M,45.516667,-83.417167,129.4,4/3/2007 7:00,EDT,,INT-SPR,RFS,07GB13I32,0.003755556,,1.12298,,,,0.06915666,,0.194,
2007,Spring,April,Michigan,MI18M,42.73435,-86.999667,161.5,4/1/2007 0:40,EDT,,INT-SPR,RFS,07GA10I52,0.00504,,1.916133333,,,,0.06,,0.301666667,
2007,Spring,April,Michigan,MI27M,43.600167,-86.916667,106.1,4/1/2007 8:30,EDT,,INT-SPR,RFS,07GA11I12,0.0052,,1.212346667,,,,0.07,,0.2415,
2007,Spring,April,Michigan,MI41M,44.738333,-86.720833,264.7,4/2/2007 0:30,EDT,,INT-SPR,RFS,07GA12I12,0.004,,1.42608,,,,0.05,,0.215666667,
2007,Spring,April,Ontario,ON33M,43.596667,-78.801817,140.1,4/11/2007 0:20,EDT,,INT-SPR,RFS,07GE22I52,0.00408,,1.53416,,,,0.069172987,,0.1635,
2007,Spring,April,Ontario,ON55M,43.443333,-77.438167,196.5,4/11/2007 13:09,EDT,,INT-SPR,RFS,07GE23I52,0.008,,3.397333333,,,,0.110086373,,0.27625,
2007,Spring,April,Superior,SU01M,46.992667,-85.1605,96.3,4/15/2007 21:11,EDT,,INT-SPR,RFS,07GS24I12,0.004693333,,1.197066667,,,,0.0798281,,0.237,
2007,Spring,April,Superior,SU08M,47.605333,-86.8175,297.7,4/16/2007 14:28,EDT,,INT-SPR,RFS,07GS24I72,0.003813333,,1.031653333,,,,0.08,,0.109,
2007,Spring,April,Superior,SU17M,47.164833,-89.662333,202.94,4/18/2007 13:38,EDT,,INT-SPR,RFS,07GS26I72,0.003573333,,1.365626667,,,,0.07581236,,0.40125,
2007,Summer,August,Erie,ER15M,42.516835,-79.893003,63.2,8/9/2007 5:40,EDT,,INT-SUM,RFS,07GC43I32,0.01496,,4.076,,,,0.20295824,,0.384666667,
2007,Summer,August,Erie,ER78M,42.116835,-81.249833,22.7,8/8/2007 19:44,EDT,,INT-SUM,RFS,07GC42I52,0.02536,,4.3864,,,,0.48,,0.740555556,
2007,Summer,August,Erie,ER91M,41.840503,-82.917335,10,8/8/2007 1:45,EDT,,INT-SUM,RFS,07GC40I92,0.03136,,12.112,,,,0.52429184,,2.52,
2007,Summer,August,Huron,HU15M,43.999837,-82.3495,67.1,8/6/2007 17:43,EDT,42,DCL,RFS,07GB37S15,0.00664,,1.53648,,,,0.128267253,,0.26,
2007,Summer,August,Huron,HU15M,43.999837,-82.3495,67.1,8/6/2007 18:08,EDT,,INT-SUM,RFS,07GB37I12,0.00624,,1.116853333,,,,0.13132344,,0.2656,
2007,Summer,August,Huron,HU45M,45.136667,-82.983335,98.3,8/5/2007 15:31,EDT,36,DCL,RFS,07GB35S95,0.0104,,1.76996,,,,0.239697787,,0.348,
2007,Summer,August,Huron,HU45M,45.136667,-82.983335,98.3,8/5/2007 15:57,EDT,,INT-SUM,RFS,07GB35I92,0.007066667,,0.757386667,,,,0.12330808,,0.2278,
2007,Summer,August,Huron,HU54M,45.516667,-83.41667,129.4,8/5/2007 6:05,EDT,37.1,DCL,RFS,07GB35S35,0.00728,,1.55172,,,,0.196888027,,0.266285714,
2007,Summer,August,Huron,HU54M,45.516667,-83.41667,129.4,8/5/2007 6:35,EDT,,INT-SUM,RFS,07GB35I32,0.0068,,1.0098,,,,0.11604664,,0.25375,
2007,Summer,August,Michigan,MI18M,42.733335,-86.999672,160.5,8/1/2007 17:52,EDT,40.3,DCL,RFS,07GA30S55,0.0112,,2.4762,,,,0.25807872,,0.70725,
2007,Summer,August,Michigan,MI18M,42.733335,-86.999672,160.5,8/1/2007 18:32,EDT,,INT-SUM,RFS,07GA30I52,0.01364,,1.51892,,,,0.16793072,,0.32,
2007,Summer,August,Michigan,MI27M,43.600168,-86.916002,105.1,8/2/2007 20:10,EDT,34.4,DCL,RFS,07GA31S15,0.01424,,2.40096,,,,0.19776264,,0.457666667,
2007,Summer,August,Michigan,MI27M,43.600168,-86.916002,105.1,8/2/2007 20:45,EDT,,INT-SUM,RFS,07GA31I12,0.00848,,1.34228,,,,0.133889413,,0.19325,
2007,Summer,August,Michigan,MI41M,44.736335,-86.722003,263.7,8/3/2007 14:21,EDT,32.5,DCL,RFS,07GA31S95,0.0156,,3.41424,,,,0.235958773,,0.498285714,
2007,Summer,August,Michigan,MI41M,44.736335,-86.722003,263.7,8/3/2007 15:00,EDT,,INT-SUM,RFS,07GA31I92,0.00632,,1.37536,,,,0.169204613,,0.28,
2007,Summer,August,Ontario,ON33M,43.5965,-78.801668,140.1,8/11/2007 0:01,EDT,16.5,DCL,RFS,07GE45S55,0.02416,,4.696,,,,0.32830984,,0.882,
2007,Summer,August,Ontario,ON33M,43.5965,-78.801668,140.1,8/11/2007 0:40,EDT,,INT-SUM,RFS,07GE45I52,0.02476,,5.384,,,,0.36047544,,1.228,
2007,Summer,August,Ontario,ON55M,43.443333,-77.438335,195.6,8/12/2007 1:30,EDT,22.1,DCL,RFS,07GE46S55,0.01612,,6.048,,,,0.28836944,,0.679,
2007,Summer,August,Ontario,ON55M,43.443333,-77.438335,195.6,8/12/2007 1:30,EDT,,INT-SUM,RFS,07GE46I52,0.02156,,4.58,,,,0.25036592,,0.8,
2007,Summer,August,Superior,SU01M,46.993003,-85.160833,97.1,8/18/2007 13:17,EDT,32,DCL,RFS,07GS49S15,0.00868,,1.4288,,,,0.159572293,,0.339,
2007,Summer,August,Superior,SU01M,46.993003,-85.160833,97.1,8/18/2007 13:40,EDT,,INT-SUM,RFS,07GS49I12,0.00612,,1.26208,,,,0.111556187,,0.23125,
2007,Summer,August,Superior,SU08M,47.605835,-86.817667,306.1,8/19/2007 3:15,EDT,40.4,DCL,RFS,07GS49S75,0.00776,,1.5704,,,,0.108209013,,0.176,
2007,Summer,August,Superior,SU08M,47.605835,-86.817667,306.1,8/19/2007 4:05,EDT,,INT-SUM,RFS,07GS49I72,0.00728,,1.24608,,,,0.12,,0.20225,
2007,Summer,August,Superior,SU17M,47.164167,-89.662338,207.1,8/23/2007 0:50,EDT,31.9,DCL,RFS,07GS51S75,0.00964,,1.371,,,,0.1280052,,0.26475,
2007,Summer,August,Superior,SU17M,47.164167,-89.662338,207.1,8/23/2007 1:22,EDT,,INT-SUM,RFS,07GS51I72,0.0082,,3.30552,,,,0.142652907,,0.389428571,
2008,Spring,April,Erie,ER15M,42.5165,-79.8935,64.2,4/23/2008 4:40,EDT,,INT-SPR,RFS,08GC20I52,0.0102,,2.47852,,,,0.08776472,,0.474,
2008,Spring,April,Erie,ER78M,42.116833,-81.25,23.5,4/22/2008 16:45,EDT,,INT-SPR,RFS,08GC19I72,0.02984,,9,,,,0.149471253,FRB-QC,4.224,
2008,Spring,April,Erie,ER91M,41.840833,-82.9165,10.6,4/22/2008 1:55,EDT,,INT-SPR,RFS,08GC17I92,0.03328,,8.78048,,,,0.39980576,,4.24,
2008,Spring,April,Huron,HU15M,44,-82.350333,68.1,4/20/2008 14:30,EDT,,INT-SPR,RFS,08GB15I12,0.00558,,0.8781,,,,0.07321332,,0.2165,
2008,Spring,April,Huron,HU45M,45.1365,-82.9825,100.2,4/19/2008 21:31,EDT,,INT-SPR,RFS,08GB14I12,0.00488,,1.22902,,,,0.07340614,,0.1765,
2008,Spring,April,Huron,HU54M,45.516833,-83.416833,125.5,4/19/2008 11:05,EDT,,INT-SPR,RFS,08GB13I32,0.00562,,1.1042,,,,0.07823532,,0.2075,
2008,Spring,April,Michigan,MI18M,42.733333,-86.999833,161.5,4/15/2008 9:45,EDT,,INT-SPR,RFS,08GA10I52,0.006613333,,1.85704,,,,0.082761733,,0.24425,
2008,Spring,April,Michigan,MI27M,43.599833,-86.916667,105,4/17/2008 14:47,EDT,,INT-SPR,RFS,08GA11I32,0.006826667,,1.494,FDL-QC,,,0.079617093,,0.229428571,
2008,Spring,April,Michigan,MI41M,44.736333,-86.722,265.6,4/18/2008 3:45,EDT,,INT-SPR,RFS,08GA12I12,0.005786667,,1.465413333,,,,0.051212,,0.176,
2008,Spring,April,Ontario,ON33M,43.5965,-78.802167,141.1,4/24/2008 18:14,EDT,,INT-SPR,RFS,08GE22I52,0.007146667,,2.20256,,,,0.077747173,,0.206,
2008,Spring,April,Ontario,ON55M,43.443333,-77.438483,196.6,4/25/2008 17:37,EDT,,INT-SPR,RFS,08GE23I72,0.006986667,,1.571333333,,,,0.071393413,,0.21825,
2008,Spring,April,Superior,SU01M,46.992833,-85.161,95.3,4/30/2008 2:20,EDT,,INT-SPR,RFS,08GS24I12,0.00632,,1.18844,,,,0.06945984,,0.19975,
2008,Spring,April,Superior,SU08M,47.605833,-86.817317,299.6,4/30/2008 13:42,EDT,,INT-SPR,RFS,08GS24I72,0.005946667,,0.989333333,,,,0.05420784,,0.1025,
2008,Spring,May,Superior,SU17M,47.164333,-89.6625,203.4,5/5/2008 7:55,EDT,,INT-SPR,RFS,08GS26I92,0.0048,,1.147973333,,,,0.05596368,,0.13825,
2008,Summer,August,Erie,ER15M,42.516667,-79.893,62.2,8/11/2008 3:05,EDT,,INT-SUM,RFS,08GC43I52,0.0288,,4.966293333,,,,0.30757332,,0.86,
2008,Summer,August,Erie,ER78M,42.116833,-81.249167,22.5,8/10/2008 11:16,EDT,,INT-SUM,RFS,08GC42I72,0.03336,,5.07048,,,,0.38797864,,0.986,
2008,Summer,August,Erie,ER91M,41.840667,-82.916667,10,8/8/2008 10:18,EDT,,INT-SUM,RFS,08GC40I92,0.02272,,4.32928,,,,0.325815787,,1.3695,
2008,Summer,August,Huron,HU15M,44.000167,-82.349833,68.1,8/7/2008 8:15,EDT,,INT-SUM,RFS,08GB37I12,0.00628,,0.59172,,,,0.05666056,,0.17125,
2008,Summer,August,Huron,HU15M,44.000167,-82.349833,68.1,8/7/2008 8:15,EDT,39.7,DCL,RFS,08GB37S15,0.00744,,1.55,,,,0.099907627,,0.24875,
2008,Summer,August,Huron,HU45M,45.136983,-82.983833,97.3,8/6/2008 1:50,EDT,,INT-SUM,RFS,08GB36I12,0.0046,,0.66784,,,,0.049905867,,0.2075,
2008,Summer,August,Huron,HU45M,45.136983,-82.983833,97.3,8/6/2008 1:50,EDT,49.9,DCL,RFS,08GB36S15,0.00896,,1.50356,,,,0.1,,0.27275,
2008,Summer,August,Huron,HU54M,45.516667,-83.417,128.4,8/5/2008 11:59,EDT,,INT-SUM,RFS,08GB35I32,0.00892,,0.94432,,,,0.143002587,,0.255,
2008,Summer,August,Huron,HU54M,45.516667,-83.417,128.4,8/5/2008 11:59,EDT,39.9,DCL,RFS,08GB35S35,0.00956,,1.51512,,,,0.107226107,,0.3135,
2008,Summer,August,Michigan,MI18M,42.732833,-86.999833,160.5,8/2/2008 3:15,EDT,,INT-SUM,RFS,08GA30I52,0.0074,,1.1312,,,,0.069714453,,0.164,
2008,Summer,August,Michigan,MI18M,42.732833,-86.999833,160.5,8/2/2008 3:15,EDT,35.5,DCL,RFS,08GA30S55,0.01324,,2.57472,,,,0.154202267,,0.42225,
2008,Summer,August,Michigan,MI27M,43.599833,-86.916667,104.1,8/2/2008 23:15,EDT,,INT-SUM,RFS,08GA31I32,0.01,,0.98408,,,,0.09492448,,0.1725,
2008,Summer,August,Michigan,MI27M,43.599833,-86.916667,104.1,8/2/2008 23:15,EDT,35.1,DCL,RFS,08GA31S35,0.0128,,2.38712,,,,0.137189467,,0.43175,
2008,Summer,August,Michigan,MI41M,44.736333,-86.722,264.7,8/3/2008 19:12,EDT,,INT-SUM,RFS,08GA32I12,0.01408,,1.38708,,,,0.158862187,,0.4145,
2008,Summer,August,Michigan,MI41M,44.736333,-86.722,264.7,8/3/2008 19:12,EDT,30.5,DCL,RFS,08GA32S15,0.0214,,3.16408,,,,0.236256373,,0.50625,
2008,Summer,August,Ontario,ON33M,43.597,-78.802,140.1,8/12/2008 3:20,EDT,,INT-SUM,RFS,08GE45I52,0.027,,4.9,,,,0.32155556,,0.6815,
2008,Summer,August,Ontario,ON33M,43.597,-78.802,140.1,8/12/2008 3:20,EDT,12.7,DCL,RFS,08GE45S55,0.03568,,6.952,,,,0.41364788,,0.9515,
2008,Summer,August,Ontario,ON55M,43.443333,-77.438167,195.5,8/13/2008 5:45,EDT,,INT-SUM,RFS,08GE46I72,0.01908,,2.95224,,,,0.209429387,,0.781,
2008,Summer,August,Ontario,ON55M,43.443333,-77.438167,195.5,8/13/2008 5:45,EDT,22,DCL,RFS,08GE46S75,0.03156,,5.74,,,,0.46897172,,1.42,
2008,Summer,August,Superior,SU01M,46.992833,-85.160667,95.3,8/20/2008 1:10,EDT,,INT-SUM,RFS,08GS49I12,0.00932,,1.13248,,,,0.096339733,,0.1755,
2008,Summer,August,Superior,SU01M,46.992833,-85.160667,95.3,8/20/2008 1:10,EDT,33,DCL,RFS,08GS49S15,0.01004,,1.58272,,,,0.117186613,,0.242,
2008,Summer,August,Superior,SU08M,47.605833,-86.817667,299.6,8/20/2008 15:28,EDT,,INT-SUM,RFS,08GS49I72,0.0108,,1.16448,,,,0.094115173,,0.19,
2008,Summer,August,Superior,SU08M,47.605833,-86.817667,299.6,8/20/2008 15:28,EDT,35,DCL,RFS,08GS49S75,0.014,,1.42576,,,,0.14105744,,0.21725,
2008,Summer,August,Superior,SU17M,47.164,-89.661333,201.4,8/26/2008 8:45,EDT,,INT-SUM,RFS,08GS51I92,0.009,,3.2,,,,0.095697413,,0.2025,
2008,Summer,August,Superior,SU17M,47.164,-89.661333,201.4,8/26/2008 8:45,EDT,30,DCL,RFS,08GS51S95,0.01768,,1.19884,,,,0.172011147,,0.276,
2009,Spring,April,Erie,ER15M,42.516667,-79.893333,64.7,4/16/2009 9:31,EDT,,INT-SPR,RFS,09GC20I32,0.00692,,3.57744,,0.66272,,0.12925512,,1.2645,
2009,Spring,April,Erie,ER78M,42.116667,-81.25,23.5,4/15/2009 16:34,EDT,,INT-SPR,RFS,09GC19I52,0.02056,,7.18088,,1.41376,,0.36,,3.184,
2009,Spring,April,Erie,ER91M,41.840667,-82.916667,10.7,4/14/2009 20:53,EDT,,INT-SPR,RFS,09GC17I92,0.0352,,42.85333333,,7.6094,,1.13183728,,42.884,
2009,Spring,April,Huron,HU15M,44.000667,-82.3495,65,4/12/2009 11:28,EDT,,INT-SPR,RFS,09GB15I12,0.00298,,1.38664,,0.19168,,0.07183134,FRB-QC,0.317,
2009,Spring,April,Huron,HU45M,45.137,-82.982833,101.2,4/11/2009 13:41,EDT,,INT-SPR,RFS,09GB13I92,0.00334,,1.02262,,0.099933333,,0.04861606,FRB-QC,0.23875,
2009,Spring,April,Huron,HU54M,45.516833,-83.416667,132.3,4/11/2009 0:48,EDT,,INT-SPR,RFS,09GB13I32,0.0035,,1.16702,,0.128346667,,0.05875368,FRB-QC,0.2195,
2009,Spring,April,Michigan,MI18M,42.733333,-86.999833,161.5,4/8/2009 21:00,EDT,,INT-SPR,RFS,09GA10I52,0.004,,1.343386667,,0.218226667,,0.090298453,FRB-QC,0.46,
2009,Spring,April,Michigan,MI27M,43.6,-86.916833,109,4/9/2009 5:41,EST,,INT-SPR,RFS,09GA11I12,0.0048,,1.191306667,,0.237293333,,0.09956952,FRB-QC,0.332,
2009,Spring,April,Michigan,MI41M,44.7365,-86.721667,268.6,4/9/2009 20:06,EDT,,INT-SPR,RFS,09GA12I12,0.004533333,,1.774746667,,0.487426667,,0.074099093,FRB-QC,0.25425,
2009,Spring,April,Ontario,ON33M,43.596667,-78.8015,145.1,4/17/2009 9:58,EDT,,INT-SPR,RFS,09GE22I52,0.005306667,,2.089653333,,0.468106667,,0.08,FRB-QC,0.30325,
2009,Spring,April,Ontario,ON55M,43.4435,-77.438333,199.5,4/18/2009 4:40,EDT,,INT-SPR,RFS,09GE23I52,0.00528,,2.693333333,,0.578093333,,0.09180216,,0.3695,
2009,Spring,April,Superior,SU01M,46.993,-85.161,95.3,4/22/2009 23:35,EDT,,INT-SPR,RFS,09GS24I12,0.00332,,1.06316,,0.16306,,0.07473108,,0.27025,
2009,Spring,April,Superior,SU08M,47.6055,-86.81815,297.7,4/23/2009 11:45,EDT,,INT-SPR,RFS,09GS24I72,0.004426667,,1.192986667,,0.163106667,,0.07199874,,0.2,
2009,Spring,April,Superior,SU17M,47.1645,-89.661833,209.1,4/27/2009 17:47,EDT,,INT-SPR,RFS,09GS26I72,0.003893333,,1.291226667,,0.2132,,0.104441067,,0.26775,
2009,Summer,August,Erie,ER15M,42.5165,-79.893167,63.2,8/19/2009 17:23,EDT,,INT-SUM,RFS,09GC46I32,0.0136,,3.2592,,0.9572,,0.23816184,,0.91,
2009,Summer,August,Erie,ER15M,42.5165,-79.893167,63.2,8/19/2009 17:23,EDT,20.9,DCL,RFS,09GC46S35,0.01688,,3.7608,,0.4054,,0.15158256,FRB-QC,0.517666667,
2009,Summer,August,Erie,ER78M,42.117,-81.250167,23,8/19/2009 7:31,EDT,,INT-SUM,RFS,09GC45I52,0.022186667,,7.072,,1.73552,,0.429454987,,1.206857143,
2009,Summer,August,Erie,ER91M,41.84,-82.9165,10.2,8/17/2009 23:20,EDT,,INT-SUM,RFS,09GC43I92,0.0256,,10.488,,1.873066667,,0.624179627,FRB-QC,2.6245,
2009,Summer,August,Huron,HU15M,44.000333,-82.349833,66.2,8/9/2009 23:05,EDT,,INT-SUM,RFS,09GB40I12,0.01132,,0.73848,,0.12616,,0.07537216,,0.1885,
2009,Summer,August,Huron,HU15M,44.000333,-82.349833,66.2,8/9/2009 23:05,EDT,38.1,DCL,RFS,09GB40S15,0.00952,,1.11956,,0.13106,,0.117923173,,0.315,
2009,Summer,August,Huron,HU45M,45.1365,-82.982167,100.2,8/8/2009 17:40,EDT,,INT-SUM,RFS,09GB38I92,0.00728,,1.4116,,0.16934,,0.1205776,,0.25575,
2009,Summer,August,Huron,HU45M,45.1365,-82.982167,100.2,8/8/2009 17:40,EDT,38,DCL,RFS,09GB38S95,0.009,,1.72328,,0.17016,,0.123346107,,0.31025,
2009,Summer,August,Huron,HU54M,45.516833,-83.417333,128.4,8/8/2009 6:07,EDT,,INT-SUM,RFS,09GB38I32,0.0094,,1.0978,,0.15532,,0.116507093,,0.30925,
2009,Summer,August,Huron,HU54M,45.516833,-83.417333,128.4,8/8/2009 6:07,EDT,34.8,DCL,RFS,09GB38S35,0.01148,,1.82916,,0.17736,,0.11528032,,0.232,
2009,Summer,August,Michigan,MI18M,42.733517,-87.000333,160.5,8/4/2009 19:22,EDT,,INT-SUM,RFS,09GA33I52,0.00684,,1.20912,,0.19986,,0.102863787,,0.226,
2009,Summer,August,Michigan,MI18M,42.733517,-87.000333,160.5,8/4/2009 19:22,EDT,37.1,DCL,RFS,09GA33S55,0.01284,,2.448,,0.26962,,0.171595333,,0.49,
2009,Summer,August,Michigan,MI27M,43.599167,-86.916,102.2,8/5/2009 18:29,EDT,,INT-SUM,RFS,09GA34I12,0.00968,,1.62972,,0.21434,,0.15315488,,0.3225,
2009,Summer,August,Michigan,MI27M,43.599167,-86.916,102.2,8/5/2009 18:29,EDT,26,DCL,RFS,09GA34S15,0.01384,,1.658,,0.35178,,0.12483328,,0.36825,
2009,Summer,August,Michigan,MI41M,44.7365,-86.72,256.6,8/6/2009 12:38,EDT,,INT-SUM,RFS,09GA35I12,0.01384,,2.19036,,0.14376,,0.13983232,,0.376,
2009,Summer,August,Michigan,MI41M,44.7365,-86.72,256.6,8/6/2009 12:38,EDT,31.9,DCL,RFS,09GA35S15,0.01508,,4.136,,0.46046,,0.317560693,,0.5655,
2009,Summer,August,Ontario,ON33M,43.5955,-78.800983,140.1,8/21/2009 5:55,EDT,,INT-SUM,RFS,09GE48I52,0.02552,,3.88616,,0.73212,,0.27811836,,0.73975,
2009,Summer,August,Ontario,ON33M,43.5955,-78.800983,140.1,8/21/2009 5:55,EDT,20,DCL,RFS,09GE48S55,0.02904,,4.88,,0.9688,,0.32034284,,0.86375,
2009,Summer,August,Ontario,ON55M,43.443167,-77.438,195.5,8/22/2009 7:19,EDT,,INT-SUM,RFS,09GE49I52,0.01792,,3.799,,0.87908,,0.2357178,,0.544,
2009,Summer,August,Ontario,ON55M,43.443167,-77.438,195.5,8/22/2009 7:19,EDT,24.9,DCL,RFS,09GE49S55,0.02024,,3.34544,,0.64614,,0.19427948,,0.45775,
2009,Summer,August,Superior,SU01M,46.992833,-85.160833,95.3,8/26/2009 22:40,EDT,,INT-SUM,RFS,09GS52I12,0.00612,,1.84252,,0.183146667,,0.12451088,,0.29875,
2009,Summer,August,Superior,SU01M,46.992833,-85.160833,95.3,8/26/2009 22:40,EDT,23.9,DCL,RFS,09GS52S15,0.01432,,1.61708,,0.165773333,,0.12994704,,0.28575,
2009,Summer,August,Superior,SU08M,47.605333,-86.816667,292.9,8/27/2009 10:35,EDT,,INT-SUM,RFS,09GS52I72,0.0062,,1.55496,,0.241746667,,0.13845344,,0.33975,
2009,Summer,August,Superior,SU08M,47.605333,-86.816667,292.9,8/27/2009 10:35,EDT,30,DCL,RFS,09GS52S75,0.00924,,1.67784,,0.2272,,0.148594987,,0.27125,
2009,Summer,September,Superior,SU17M,47.164,-89.661667,201.4,9/1/2009 3:30,EDT,,INT-SUM,RFS,09GS54I72,0.0112,,1.51968,,0.15126,,0.134816107,,0.2975,
2009,Summer,September,Superior,SU17M,47.164,-89.661667,201.4,9/1/2009 3:30,EDT,30,DCL,RFS,09GS54S75,0.00908,,1.63192,,0.29256,,0.13330992,,0.26325,
2010,Spring,April,Erie,ER15M,42.516583,-79.893283,64.4,4/10/2010 11:22,EDT,,INT-SPR,RFS,10GC20I52,0.00584,,1.88196,,0.4128,,0.083681919,,0.522666667,
2010,Spring,April,Erie,ER78M,42.115933,-81.251567,23.4,4/8/2010 13:19,EDT,,INT-SPR,RFS,10GC19I72,0.0112,,7.569333333,,0.9896,,0.362782121,,3.175,
2010,Spring,April,Erie,ER91M,41.83835,-82.904333,10.2,4/7/2010 20:59,EDT,,INT-SPR,RFS,10GC17I92,0.05808,,9.3032,,1.5964,,0.284831593,,5.68,
2010,Spring,April,Huron,HU15M,44.000417,-82.350283,69.1,4/6/2010 2:58,EDT,,INT-SPR,RFS,10GB15I12,0.00238,,0.99596,,0.14393,,0.082307485,,0.1695,
2010,Spring,April,Huron,HU45M,45.136783,-82.98335,99.4,4/5/2010 7:10,EDT,,INT-SPR,RFS,10GB14I12,0.00296,,1.2322,,0.18194,,0.063560698,,0.12275,
2010,Spring,April,Huron,HU54M,45.516767,-83.416633,132.3,4/4/2010 15:42,EDT,,INT-SPR,RFS,10GB13I32,0.00306,,1.06806,,0.20233,,0.078296065,,0.1975,
2010,Spring,April,Michigan,MI18M,42.7334,-86.9998,161.5,4/2/2010 9:17,EDT,,INT-SPR,RFS,10GA10I52,0.003733333,,1.76688,,0.124066667,,0.077496668,,0.38,
2010,Spring,April,Michigan,MI27M,43.6001,-86.91685,107,4/2/2010 17:32,EDT,,INT-SPR,RFS,10GA11I32,0.00304,,1.28664,,0.226426667,,0.065542596,,0.16325,
2010,Spring,April,Michigan,MI41M,44.736683,-86.72175,265.6,4/3/2010 6:50,EDT,,INT-SPR,RFS,10GA12I12,0.003573333,,1.64256,,0.32888,,0.051789634,,0.141,
2010,Spring,April,Ontario,ON33M,43.5967,-78.802233,140.1,4/11/2010 16:13,EDT,,INT-SPR,RFS,10GE22I52,0.004533333,,1.665226667,,0.2738,,0.086179132,,0.2075,
2010,Spring,April,Ontario,ON55M,43.443467,-77.438233,197,4/12/2010 15:38,EDT,,INT-SPR,RFS,10GE23I72,0.005946667,,1.541146667,,0.275253333,,0.064895295,,0.223,
2010,Spring,April,Superior,SU01M,46.992933,-85.161,95.3,4/18/2010 17:45,EDT,,INT-SPR,RFS,10GS24I12,0.00264,,1.44462,,0.162816,,0.081489138,,0.3335,
2010,Spring,April,Superior,SU08M,47.605717,-86.817633,298.1,4/19/2010 6:43,EDT,,INT-SPR,RFS,10GS24I72,0.00276,,1.02938,,0.128208,,0.05665909,,0.12125,
2010,Spring,April,Superior,SU17M,47.164017,-89.66115,202.3,4/22/2010 19:05,EDT,,INT-SPR,RFS,10GS26I92,0.00392,,1.164906667,,0.20283,,0.068230758,,0.18775,
2010,Summer,August,Erie,ER15M,42.516333,-79.892533,63.2,8/10/2010 21:59,EDT,9.9,MEP,RFS,10GC43S42,0.00416,,4.0774,,1.70468,,0.308383405,,0.84,
2010,Summer,August,Erie,ER15M,42.516333,-79.892533,63.2,8/10/2010 21:59,EDT,23.1,DCL,RFS,10GC43S55,0.0082,,2.16656,,0.67578,,0.335132301,,0.528333333,
2010,Summer,August,Erie,ER78M,42.117,-81.25015,22.5,8/10/2010 12:16,EDT,9.6,MEP,RFS,10GC42S62,0.015093333,,6.2584,,2.6352,,0.45472155,,1.512,
2010,Summer,August,Erie,ER91M,41.840583,-82.916717,10.1,8/9/2010 18:15,EDT,5.1,5M,RFS,10GC40S82,0.04056,,15.85968,,4.77936,,0.95554772,,5.439,
2010,Summer,August,Huron,HU15M,43.998667,-82.346167,67.91,8/7/2010 23:11,EDT,5.8,MEP,RFS,10GB37S02,0.0026,,0.88276,,0.16334,,0.048950985,FRB-QC,0.12125,
2010,Summer,August,Huron,HU15M,43.998667,-82.346167,67.91,8/7/2010 23:11,EDT,44.1,DCL,RFS,10GB37S15,0.0058,,1.23432,,0.33994,,0.124410023,,0.17175,
2010,Summer,August,Huron,HU45M,45.137317,-82.98275,100.2,8/6/2010 21:10,EDT,10.1,MEP,RFS,10GB36S02,0.00488,,0.9766,,0.34594,,0.13754342,,0.25875,
2010,Summer,August,Huron,HU45M,45.137317,-82.98275,100.2,8/6/2010 21:10,EDT,48.1,DCL,RFS,10GB36S15,0.00652,,1.61872,,0.87848,,0.138122489,,0.28125,
2010,Summer,August,Huron,HU54M,45.517,-83.41675,132.3,8/6/2010 9:02,EDT,6.5,MEP,RFS,10GB35S22,0.00272,,1.04308,,0.43032,,0.111022944,,0.21675,
2010,Summer,August,Huron,HU54M,45.517,-83.41675,132.3,8/6/2010 9:02,EDT,45,DCL,RFS,10GB35S35,0.00796,,1.55404,,0.61128,,0.156223198,,0.25175,
2010,Summer,August,Michigan,MI18M,42.733267,-87.000333,160.5,8/1/2010 20:24,EDT,36.2,DCL,RFS,10GA30S55,0.00808,,2.98476,,1.30474,,0.174492508,,0.67625,
2010,Summer,August,Michigan,MI18M,42.733267,-87.000333,160.5,8/1/2010 20:24,EDT,,INT-SUM,RFS,10GA30I52,0.00424,,1.0468,,0.29446,,0.143019582,,0.253,
2010,Summer,August,Michigan,MI27M,43.599483,-86.917483,104,8/3/2010 19:17,EDT,10,MEP,RFS,10GA31S22,0.00612,,1.05384,,0.44544,,0.10697791,,0.342,
2010,Summer,August,Michigan,MI27M,43.599483,-86.917483,104,8/3/2010 19:17,EDT,40,DCL,RFS,10GA31S35,0.01524,,1.39528,,0.24036,,0.091288532,,0.401,
2010,Summer,August,Michigan,MI41M,44.736983,-86.720967,264.7,8/4/2010 13:08,EDT,4.9,MEP,RFS,10GA32S02,0.00488,,1.29648,,0.42344,,0.132563805,,0.45075,
2010,Summer,August,Michigan,MI41M,44.736983,-86.720967,264.7,8/4/2010 13:08,EDT,32.1,DCL,RFS,10GA32S15,0.00684,,3.183,,0.93408,,0.179760764,,0.3025,
2010,Summer,August,Ontario,ON33M,43.596583,-78.80195,140.1,8/11/2010 23:18,EDT,5,MEP,RFS,10GE45S42,0.01556,,4.489,,2.06766,,0.269166052,,0.788,
2010,Summer,August,Ontario,ON33M,43.596583,-78.80195,140.1,8/11/2010 23:18,EDT,19.5,DCL,RFS,10GE45S55,0.02204,,5.55968,,2.89514,,0.239179596,,0.546333333,
2010,Summer,August,Ontario,ON55M,43.442917,-77.438883,195.6,8/13/2010 13:49,EDT,7,MEP,RFS,10GE46S62,0.01016,,3.67156,,1.31622,,0.270885587,,0.62,
2010,Summer,August,Ontario,ON55M,43.442917,-77.438883,195.6,8/13/2010 13:49,EDT,19.9,DCL,RFS,10GE46S75,0.0082,,3.5774,,0.85414,,0.178932391,,0.42,
2010,Summer,August,Superior,SU01M,46.9932,-85.160683,95.4,8/17/2010 23:45,EDT,18.2,MEP,RFS,10GS49S02,0.00676,,2.86,,0.561,,0.094157174,,0.1815,
2010,Summer,August,Superior,SU01M,46.9932,-85.160683,95.4,8/17/2010 23:45,EDT,40.6,DCL,RFS,10GS49S15,0.0052,,1.60064,,1.07968,,0.208535324,,0.407,
2010,Summer,August,Superior,SU08M,47.6055,-86.817583,297.7,8/18/2010 12:36,EDT,11.8,MEP,RFS,10GS49S62,0.0048,,0.97704,,0.50054,,0.120647982,,0.192571429,
2010,Summer,August,Superior,SU08M,47.6055,-86.817583,297.7,8/18/2010 12:36,EDT,37.7,DCL,RFS,10GS49S75,0.00708,,2.735,,0.95134,,0.169949745,,0.410461538,
2010,Summer,August,Superior,SU17M,47.16445,-89.66125,201.4,8/23/2010 23:45,EDT,3.9,MEP,RFS,10GS51S82,0.00416,,1.8874,,0.5473,,0.149211655,,0.337,
2010,Summer,August,Superior,SU17M,47.16445,-89.66125,201.4,8/23/2010 23:45,EDT,39.9,DCL,RFS,10GS51S95,0.00512,,2.07164,,0.70212,,0.161547297,,0.291,
2011,Spring,April,Erie,ER15M,42.516,-79.892,46.7,4/13/2011 2:33,EDT,10,10M,RFS,11GC20S23,0.00704,,2.33256,,0.37912,,0.090955205,FRB-QC,0.433666667,
2011,Spring,April,Erie,ER78M,42.117,-81.25,23.8,4/12/2011 14:19,EDT,4.9,5M,RFS,11GC19S42,0.00728,,4.8598,,1.06766,,0.44802014,,1.889,
2011,Spring,April,Erie,ER91M,41.84,-82.917,10.5,4/11/2011 22:36,EDT,5,MID,RFS,11GC17S82,0.01872,,14.96064,,2.69448,,0.425234988,,6.006,
2011,Spring,April,Huron,HU15M,44,-82.35,69.1,4/10/2011 1:06,EDT,10,10M,RFS,11GB15S03,0.00338,,0.81848,,0.2398,,0.084147749,FRB-QC,0.19225,
2011,Spring,April,Huron,HU45M,45.137,-82.983,100.2,4/9/2011 6:44,EDT,10,10M,RFS,11GB13S83,0.00352,,0.96036,,0.11596,,0.049803647,FRB-QC,0.1875,
2011,Spring,April,Huron,HU54M,45.5165,-83.416,135.2,4/8/2011 21:44,EDT,9.9,10M,RFS,11GB13S23,0.00352,,1.04056,,0.14732,,0.0689665,FRB-QC,0.1615,
2011,Spring,April,Michigan,MI18M,42.733,-87.001,161.5,4/7/2011 2:44,EDT,10,10M,RFS,11GA10S43,0.004213333,,1.610746667,,0.320093333,,0.082501774,FRB-QC,0.313428571,
2011,Spring,April,Michigan,MI27M,43.6,-86.917,106.1,4/7/2011 9:30,EDT,10,10M,RFS,11GA11S03,0.004106667,,1.33424,,0.13028,,0.060931793,FRB-QC,0.281428571,
2011,Spring,April,Michigan,MI41M,44.735,-86.722,265.6,4/7/2011 20:41,EDT,9.8,10M,RFS,11GA12S03,0.00296,,1.453653333,,0.119146667,,0.060520105,FRB-QC,0.303428571,
2011,Spring,April,Ontario,ON33M,43.596,-78.802,141.1,4/13/2011 23:46,EDT,10.1,10M,RFS,11GE22S43,0.004506667,,1.856906667,,0.357,,0.083330241,,0.278,
2011,Spring,April,Ontario,ON55M,43.444,-77.438,196.5,4/14/2011 12:45,EDT,10,10M,RFS,11GE23S43,0.00544,,1.54144,,0.463173333,,0.081632319,,0.29625,
2011,Spring,April,Superior,SU01M,46.993,-85.16,97.3,4/20/2011 0:00,EDT,10,10M,RFS,11GS24S03,0.00288,,1.2764,,0.15511,,0.065549329,,0.16875,
2011,Spring,April,Superior,SU08M,47.605167,-86.817833,297.7,4/20/2011 10:54,EDT,9.9,10M,RFS,11GS24S63,0.00286,,0.8464,,0.11022,,0.055209021,,0.168,
2011,Spring,April,Superior,SU17M,47.164,-89.6625,203.4,4/23/2011 17:47,EDT,10,10M,RFS,11GS26S63,0.00344,,1.46406,,0.11583,,0.073976638,,0.25875,
2011,Summer,August,Erie,ER15M,42.517,-79.893,64.2,8/11/2011 8:09,EDT,5.4,MEP,RFS,11GC39S02,0.01208,,3.59972,,1.54888,,0.326185986,,0.9708,
2011,Summer,August,Erie,ER78M,42.1168,-81.249667,22.9,8/10/2011 13:22,EDT,5,MEP,RFS,11GC41S02,0.010711111,,2.378133333,,1.57352,,0.346591791,,0.88,
2011,Summer,August,Erie,ER91M,41.841,-82.916333,10.2,8/9/2011 23:50,EDT,4.9,MEP,RFS,11GC42S62,0.02352,,21.33808,,8.78176,,1.861980855,,8.514,
2011,Summer,August,Huron,HU15M,44,-82.350333,68.1,8/8/2011 5:44,EDT,5.1,MEP,RFS,11GB35S62,0.003466667,,0.529093333,,0.211733333,,0.070771786,,0.25475,
2011,Summer,August,Huron,HU15M,44,-82.350333,68.1,8/8/2011 5:44,EDT,36.5,DCL,RFS,11GB35S75,0.001946667,,0.391466667,,0.31958,,0.074547033,,0.37975,
2011,Summer,August,Huron,HU45M,45.137,-82.984,98.3,8/7/2011 1:59,EDT,4.5,MEP,RFS,11GB36S82,0.004,,0.64196,,0.4729,,0.133540268,,0.29325,
2011,Summer,August,Huron,HU45M,45.137,-82.984,98.3,8/7/2011 1:59,EDT,10.2,DCL,RFS,11GB36S95,0.005,,0.7748,,0.30706,,0.118226146,,0.3065,
2011,Summer,August,Huron,HU54M,45.516833,-83.416833,131.4,8/6/2011 15:21,EDT,5,MEP,RFS,11GB37S42,0.009386667,,0.643413333,,0.481893333,,0.191057615,,0.4205,
2011,Summer,August,Huron,HU54M,45.516833,-83.416833,131.4,8/6/2011 15:21,EDT,32.4,DCL,RFS,11GB37S55,0.005866667,,0.862773333,,0.3252,,0.11565889,,0.345,
2011,Summer,August,Michigan,MI18M,42.733667,-87.000333,160.5,8/2/2011 17:54,EDT,5,MEP,RFS,11GA30S42,0.0028,,0.68296,,0.34348,,0.100393946,,0.26175,
2011,Summer,August,Michigan,MI18M,42.733667,-87.000333,160.5,8/2/2011 17:54,EDT,30.2,DCL,RFS,11GA30S55,0.01144,,3.37932,,1.64434,,0.414005458,,0.982285714,
2011,Summer,August,Michigan,MI27M,43.6,-86.917,105.1,8/3/2011 14:08,EDT,6.3,MEP,RFS,11GA31S02,0.0032,,0.6186,,0.1323,,0.113309761,,0.29775,
2011,Summer,August,Michigan,MI27M,43.6,-86.917,105.1,8/3/2011 14:08,EDT,40.5,DCL,RFS,11GA31S15,0.00496,,1.61248,,0.26494,,0.117902935,,0.38475,
2011,Summer,August,Michigan,MI41M,44.7365,-86.721667,264.7,8/4/2011 8:33,EDT,6.9,MEP,RFS,11GA31S82,0.00452,,0.71536,,0.64398,,0.101594562,,0.3575,
2011,Summer,August,Michigan,MI41M,44.7365,-86.721667,264.7,8/4/2011 8:33,EDT,37,DCL,RFS,11GA31S95,0.00528,,1.42688,,0.67364,,0.175707052,,0.389,
2011,Summer,August,Ontario,ON33M,43.5965,-78.801833,140.1,8/12/2011 9:44,EDT,5,MEP,RFS,11GE45S22,0.01236,,2.25036,,1.53206,,0.264845351,,0.532285714,
2011,Summer,August,Ontario,ON33M,43.5965,-78.801833,140.1,8/12/2011 9:44,EDT,17,DCL,RFS,11GE45S35,0.00544,,2.84452,,1.42832,,0.229593615,,0.539428571,
2011,Summer,August,Ontario,ON55M,43.443,-77.438333,195.6,8/13/2011 8:00,EDT,11.1,MEP,RFS,11GE44S22,0.00904,,2.54972,,1.68926,,0.249352492,,0.56,
2011,Summer,August,Ontario,ON55M,43.443,-77.438333,195.6,8/13/2011 8:00,EDT,28,DCL,RFS,11GE44S35,0.01436,,4.10704,,1.2919,,0.219755396,,0.415333333,
2011,Summer,August,Superior,SU01M,46.992833,-85.161,95.3,8/18/2011 22:21,EDT,4.9,MEP,RFS,11GS47S02,0.0078,,0.988,,0.395456,,0.137431607,,0.21475,
2011,Summer,August,Superior,SU01M,46.992833,-85.161,95.3,8/18/2011 22:21,EDT,24.8,DCL,RFS,11GS47S15,0.00536,,1.0638,,0.364512,,0.172222192,,0.387,
2011,Summer,August,Superior,SU08M,47.603,-86.817,295.8,8/20/2011 4:30,EDT,5.1,MEP,RFS,11GS48S42,0.00432,,0.357568,,0.190816,,0.125933573,,0.281714286,
2011,Summer,August,Superior,SU08M,47.603,-86.817,295.8,8/20/2011 4:30,EDT,35.5,DCL,RFS,11GS48S55,0.006656,,1.093696,,0.481376,,0.139378712,,0.346285714,
2011,Summer,August,Superior,SU17M,47.1645,-89.662,203.4,8/21/2011 19:01,EDT,5.2,MEP,RFS,11GS50S22,0.003872,,0.58416,,0.21144,,0.101072639,,0.343428571,
2011,Summer,August,Superior,SU17M,47.1645,-89.662,203.4,8/21/2011 19:01,EDT,35.1,DCL,RFS,11GS50S35,0.006368,,1.288,,0.62024,,0.148462658,,0.369142857,
2012,Spring,April,Erie,ER15M,42.516133,-79.893033,64.2,4/9/2012 2:55,EDT,10.1,10M,RFS,12GC17S43,0.00928,,1.2216,,0.20782,,0.055353779,,0.283742857,
2012,Spring,April,Erie,ER78M,42.116883,-81.250117,23.5,4/8/2012 14:44,EDT,5.1,5M,RFS,12GC19S42,0.01216,,9.00736,,1.00886,,0.362029195,,2.82764,
2012,Spring,April,Erie,ER91M,41.840567,-82.91585,9.9,4/7/2012 23:21,EDT,5.1,5M,RFS,12GC21S02,0.011626667,,7.67984,,0.92752,,0.285174251,,4.43,
2012,Spring,April,Huron,HU15M,43.997317,-82.349267,68.1,4/6/2012 4:13,EDT,9.9,10M,RFS,12GB13S63,0.00356,,0.86138,,0.10136,,0.07330669,,0.301925,
2012,Spring,April,Huron,HU45M,45.13635,-82.98415,95.3,4/4/2012 10:12,EDT,10,10M,RFS,12GB14S83,0.00368,,1.06138,,0.06885,,0.059058718,,0.243875,
2012,Spring,April,Huron,HU54M,45.51675,-83.416667,131.4,4/3/2012 23:34,EDT,10.2,10M,RFS,12GB15S43,0.0036,,0.86342,,0.09474,,0.071400898,,0.247225,
2012,Spring,April,Michigan,MI18M,42.733133,-87.000133,160.54,4/2/2012 6:28,EDT,10,10M,RFS,12GA10S43,0.00328,,1.67144,,0.188653333,,0.109417265,FRB-QC,0.292425,
2012,Spring,April,Michigan,MI27M,43.6,-86.916,106.1,4/2/2012 13:12,EDT,10.1,10M,RFS,12GA11S03,0.004373333,,1.163173333,,0.108733333,,0.076882924,FRB-QC,0.151914286,
2012,Spring,April,Michigan,MI41M,44.736467,-86.721667,264.7,4/3/2012 1:00,EDT,9.9,10M,RFS,12GA11S83,0.0056,,1.470266667,,0.10512,,0.071072516,FRB-QC,0.218575,
2012,Spring,April,Ontario,ON33M,43.5973,-78.801917,140.1,4/11/2012 13:20,EDT,10.2,10M,RFS,12GE24S03,0.0072,,2.379386667,,0.3026,,0.091314894,,0.244125,
2012,Spring,April,Ontario,ON55M,43.443583,-77.438767,195.6,4/12/2012 8:41,EDT,10,10M,RFS,12GE23S03,0.00608,,2.3312,,0.403986667,,0.081404448,,0.243225,
2012,Spring,April,Superior,SU01M,46.99275,-85.160783,95.3,4/17/2012 17:39,EDT,9.9,10M,RFS,12GS25S83,0.00306,,1.3924,,0.14872,,0.089627147,,0.18305,
2012,Spring,April,Superior,SU08M,47.605667,-86.816883,293.8,4/18/2012 6:07,EDT,10.1,10M,RFS,12GS27S23,0.00388,,1.1445,,0.10618,,0.069678339,,0.1787,
2012,Spring,April,Superior,SU17M,47.164,-89.662417,202.4,4/22/2012 4:48,EDT,10,10M,RFS,12GS29S03,0.00338,,1.30922,,0.11767,,0.058310139,,0.25026,
2012,Summer,August,Erie,ER15M,42.517,-79.892,62.2,8/11/2012 4:45,EDT,8.5,MEP,RFS,12GC50S62,0.007,,4.616275,,1.5418,,0.245742775,,0.42308,
2012,Summer,August,Erie,ER78M,42.11675,-81.249783,22.6,8/10/2012 18:40,EDT,8,MEP,RFS,12GC52S62,0.006186667,,6.5857,,1.1312,,0.53928715,,0.886355556,
2012,Summer,August,Erie,ER91M,41.84,-82.916,10,8/9/2012 23:22,EDT,5.2,MEP,RFS,12GC54S22,0.0104,,24.3824,,5.583933333,,0.65634492,,7.401,
2012,Summer,August,Huron,HU15M,44.00005,-82.349817,67.1,8/8/2012 4:49,EDT,8,MEP,RFS,12GB46S22,0.001835294,,0.905808824,,0.10892,,0.078422519,,0.298725,
2012,Summer,August,Huron,HU45M,45.13695,-82.98325,98.8,8/7/2012 2:47,EDT,9.2,MEP,RFS,12GB47S42,0.001247059,,0.704544118,,0.385376,,0.08202558,,0.28865,
2012,Summer,August,Huron,HU45M,45.13695,-82.98325,98.8,8/7/2012 2:47,EDT,50.1,DCL,RFS,12GB47S55,0.00168,,1.369733333,,0.367066667,,0.115653316,,0.3104,
2012,Summer,August,Huron,HU54M,45.515883,-83.418417,115.7,8/6/2012 14:25,EDT,9,MEP,RFS,12GB48S02,0.00104,,0.707033333,,0.39022,,0.123426959,,0.253675,
2012,Summer,August,Huron,HU54M,45.515883,-83.418417,115.7,8/6/2012 14:25,EDT,55.1,DCL,RFS,12GB48S15,0.00174,,1.399825,,0.346937143,,0.066695119,,0.32725,
2012,Summer,August,Michigan,MI18M,42.734267,-86.999033,160.4,8/1/2012 19:32,EDT,8,MEP,RFS,12GA40S42,0.0048,,1.06685,,0.16448,,0.097926895,,0.26155,
2012,Summer,August,Michigan,MI18M,42.734267,-86.999033,160.4,8/1/2012 19:32,EDT,35.9,DCL,RFS,12GA40S55,0.00676,,2.585375,,1.01282,,0.225164453,,0.5,
2012,Summer,August,Michigan,MI27M,43.6,-86.917,105.1,8/2/2012 16:39,EDT,7.3,MEP,RFS,12GA41S02,0.003226667,,1.17435,,0.33128,,0.116775791,,0.229475,
2012,Summer,August,Michigan,MI27M,43.6,-86.917,105.1,8/2/2012 16:39,EDT,36.8,DCL,RFS,12GA41S15,0.0036,,2.1571,,0.64612,,0.099396567,,0.409175,
2012,Summer,August,Michigan,MI41M,44.737,-86.722,264.1,8/3/2012 10:22,EDT,6.9,MEP,RFS,12GA41S82,0.00082,,1.02375,,0.487306667,,0.111186653,,0.27285,
2012,Summer,August,Michigan,MI41M,44.737,-86.722,264.1,8/3/2012 10:22,EDT,38.6,DCL,RFS,12GA41S95,0.004448,,3.4699,,1.13108,,0.242098421,,0.541828571,
2012,Summer,August,Ontario,ON33M,43.59685,-78.8022,139.1,8/12/2012 18:22,EDT,7,MEP,RFS,12GE57S62,0.004853333,,3.738033333,,1.519733333,,0.327380886,,1.43196,
2012,Summer,August,Ontario,ON55M,43.443133,-77.43775,196.6,8/13/2012 19:02,EDT,8.1,MEP,RFS,12GE56S62,0.00328,,3.5146,,1.30904,,0.320353615,,1.78492,
2012,Summer,August,Superior,SU01M,46.9937,-85.161283,95.3,8/18/2012 22:12,EDT,8.9,MEP,RFS,12GS60S22,0.0039,,1.144791667,,0.35232,,0.118810867,,0.197575,
2012,Summer,August,Superior,SU01M,46.9937,-85.161283,95.3,8/18/2012 22:12,EDT,37,DCL,RFS,12GS60S35,0.00264,,1.334625,,0.3928,,0.135564064,,0.27575,
2012,Summer,August,Superior,SU08M,47.605917,-86.817733,298.7,8/19/2012 9:05,EDT,7.9,MEP,RFS,12GS61S62,0.002496,,1.10548,,0.58662,,0.127988448,,0.193485714,
2012,Summer,August,Superior,SU08M,47.605917,-86.817733,298.7,8/19/2012 9:05,EDT,37,DCL,RFS,12GS61S75,0.002624,,2.4309,,0.85706,,0.170746833,,0.315685714,
2012,Summer,August,Superior,SU17M,47.164,-89.662,201.4,8/23/2012 1:50,EDT,6.9,MEP,RFS,12GS63S42,0.00376,,1.04356,,0.23596,,0.142164047,,0.214971429,
2012,Summer,August,Superior,SU17M,47.164,-89.662,201.4,8/23/2012 1:50,EDT,38.9,DCL,RFS,12GS63S55,0.005184,,1.92856,,0.35092,,0.118452579,,0.256914286,
2013,Spring,April,Erie,ER15M,42.51625,-79.89345,63,4/3/2013 15:14,EDT,10.1,10M,RFS,13GE17S43,0.010266667,,3.888213333,,0.55184,,0.073063936,,0.672783333,
2013,Spring,April,Erie,ER78M,42.117033,-81.250867,22.9,4/3/2013 5:45,EDT,4.9,5M,RFS,13GE19S42,0.0421,,16.0976,,2.551230769,,0.506819069,,4.0879,
2013,Spring,April,Erie,ER91M,41.840483,-82.917383,10.6,4/2/2013 15:16,EDT,5.2,MID,RFS,13GE21S03,0.0318,,34.6744,,4.764685714,,0.377251834,,16.28575,
2013,Spring,March,Huron,HU15M,44.000267,-82.34975,66,3/30/2013 18:59,EDT,10,10M,RFS,13GH13S63,0.006325,,1.52628,,0.195405714,,0.049712283,,0.1591625,
2013,Spring,March,Huron,HU45M,45.1368,-82.982667,98,3/30/2013 1:33,EDT,10,10M,RFS,13GH14S83,0.00506,,2.120928,,0.149106667,,0.059899817,,0.2576625,
2013,Spring,March,Huron,HU54M,45.516,-83.417,117,3/29/2013 16:49,EDT,10,10M,RFS,13GH15S43,0.008316667,,1.819968,,0.17464,,0.056082112,,0.224075,
2013,Spring,March,Michigan,MI18M,42.733,-86.999,157,3/27/2013 22:15,EST,9.7,10M,RFS,13GM10S43,0.0076,,1.62185,,0.375173333,,0.080158047,,0.258275,
2013,Spring,March,Michigan,MI27M,43.599983,-86.916733,103,3/28/2013 6:36,EDT,9.9,10M,RFS,13GM11S03,0.00875,,1.80388,,0.213026667,,0.076088647,,0.2279875,
2013,Spring,March,Michigan,MI41M,44.737,-86.722,258,3/28/2013 17:11,EDT,10,10M,RFS,13GM11S83,0.00772,,2.607712,,0.355456,,0.06778186,,0.261853333,
2013,Spring,April,Ontario,ON33M,43.5968,-78.798233,137,4/4/2013 15:48,EDT,9.9,10M,RFS,13GO24S03,0.00585,,2.5254,,0.28384,,0.067077873,,0.118783333,
2013,Spring,April,Ontario,ON55M,43.4431,-77.4381,192,4/5/2013 9:50,EDT,10,10M,RFS,13GO23S03,0.00635,,2.2968,,0.22464,,0.057401473,,0.156971429,
2013,Spring,April,Superior,SU01M,46.993033,-85.160883,94,4/13/2013 19:22,EDT,10.1,10M,RFS,13GS25S83,0.00708,,2.18728,,0.229586667,,0.095469822,,0.2462375,
2013,Spring,April,Superior,SU08M,47.6059,-86.8172,289,4/14/2013 13:02,EDT,10,10M,RFS,13GS27S23,0.0062,,2.184832,,0.170493333,,0.063526616,,0.155075,
2013,Spring,April,Superior,SU17M,47.166,-89.662,197,4/17/2013 5:10,EDT,10,10M,RFS,13GS29S03,0.00778,,2.016192,,0.235653333,,0.076469615,,0.212475,
2013,Summer,August,Erie,ER15M,42.51605,-79.893083,61.7,8/11/2013 3:10,EDT,6,MEP,RFS,13GE51S62,0.051525,,5.610175,,1.69406,,0.359814987,,0.859166667,
2013,Summer,August,Erie,ER15M,42.51605,-79.893083,61.7,8/11/2013 3:10,EDT,22,DCL,RFS,13GE51S75,0.0187,,3.259475,,0.7828,,0.128056508,,0.518333333,
2013,Summer,August,Erie,ER78M,42.116,-81.249,23.1,8/10/2013 17:14,EDT,8,MEP,RFS,13GE53S62,0.051846154,,5.211038462,,1.635876923,,0.389021794,,0.7146,
2013,Summer,August,Erie,ER91M,41.840783,-82.91655,10.6,8/9/2013 22:49,EDT,4.9,MEP,RFS,13GE55S22,0.0586,,9.9012,,3.08792,,0.593662436,,3.7115,
2013,Summer,August,Huron,HU15M,43.999833,-82.350383,65,8/7/2013 17:05,EDT,5,MEP,RFS,13GH47S22,0.010025,QCI-QC,1.03105,,0.30428,,0.101087208,,0.21715,
2013,Summer,August,Huron,HU45M,45.137,-82.983,98.4,8/6/2013 12:55,EDT,5,MEP,RFS,13GH48S42,0.01295,QCI-QC,1.74965,,0.3998,,0.159983498,,0.2791375,
2013,Summer,August,Huron,HU45M,45.137,-82.983,98.4,8/6/2013 12:55,EDT,34.4,DCL,RFS,13GH48S55,0.012075,QCI-QC,1.499575,,0.64778,,0.096318123,,0.2080875,
2013,Summer,August,Huron,HU54M,45.516783,-83.417383,124,8/6/2013 3:52,EDT,4,MEP,RFS,13GH49S02,0.016675,QCI-QC,1.33465,,0.32988,,0.14729553,,0.26915,
2013,Summer,August,Huron,HU54M,45.516783,-83.417383,124,8/6/2013 3:52,EDT,30,UHY,RFS,13GH49S05,0.01515,QCI-QC,1.37875,,0.53528,,0.149187093,,0.2427125,
2013,Summer,August,Michigan,MI18M,42.732833,-86.999067,155.2,8/2/2013 17:57,EDT,5,MEP,RFS,13GM41S42,0.008025,,0.949025,,0.12548,,0.082764285,,0.1345125,
2013,Summer,August,Michigan,MI18M,42.732833,-86.999067,155.2,8/2/2013 17:57,EDT,48,DCL,RFS,13GM41S55,0.01015,,2.331325,,0.28824,,0.164206207,,0.34555,
2013,Summer,August,Michigan,MI27M,43.599683,-86.916617,102.2,8/3/2013 15:51,EDT,5,MEP,RFS,13GM42S02,0.012575,,1.461525,,0.3614,,0.142679016,,0.243,
2013,Summer,August,Michigan,MI27M,43.599683,-86.916617,102.2,8/3/2013 15:51,EDT,44,DCL,RFS,13GM42S15,0.012625,,1.749775,,0.32212,,0.156788687,,0.430275,
2013,Summer,August,Michigan,MI41M,44.736383,-86.72195,256.4,8/4/2013 9:46,EDT,6.1,MEP,RFS,13GM42S82,0.02375,,1.5151,,0.28626,,0.153316781,,0.3522125,
2013,Summer,August,Michigan,MI41M,44.736383,-86.72195,256.4,8/4/2013 9:46,EDT,38,DCL,RFS,13GM42S95,0.018225,,2.6729,,0.4865,,0.147032961,,0.4560375,
2013,Summer,August,Ontario,ON33M,43.6,-78.802,135.9,8/12/2013 9:20,EDT,4,MEP,RFS,13GO58S62,0.03765,,4.514125,,1.0999,,0.245348465,,0.781083333,
2013,Summer,August,Ontario,ON33M,43.6,-78.802,135.9,8/12/2013 9:20,EDT,16.2,DCL,RFS,13GO58S75,0.036075,,4.8234,,1.64046,,0.215052778,,0.722533333,
2013,Summer,August,Ontario,ON55M,43.443217,-77.4384,189.9,8/13/2013 8:39,EDT,8,MEP,RFS,13GO57S62,0.040275,,4.842925,,1.61134,,0.250637734,,0.9835,
2013,Summer,August,Ontario,ON55M,43.443217,-77.4384,189.9,8/13/2013 8:39,EDT,24,DCL,RFS,13GO57S75,0.030375,,5.417,,1.65892,,0.304857099,,0.96445,
2013,Summer,August,Superior,SU01M,46.99275,-85.1611,92.5,8/17/2013 20:59,EDT,5,MEP,RFS,13GS61S42,0.0133,,1.12295,,0.34206,,0.148620687,,0.211186667,
2013,Summer,August,Superior,SU01M,46.99275,-85.1611,92.5,8/17/2013 20:59,EDT,30,DCL,RFS,13GS61S55,0.01805,,1.723075,,0.5487,,0.178880041,,0.26856,
2013,Summer,August,Superior,SU08M,47.6054,-86.817733,290.1,8/18/2013 9:22,EDT,7.4,MEP,RFS,13GS62S82,0.0152,,1.43096,,0.350192,,0.129217297,,0.1879,
2013,Summer,August,Superior,SU08M,47.6054,-86.817733,290.1,8/18/2013 9:22,EDT,36.2,DCL,RFS,13GS62S95,0.02206,,1.74976,,0.648368,,0.160674954,,0.2190375,
2013,Summer,August,Superior,SU17M,47.16505,-89.662183,195.6,8/21/2013 19:53,EDT,5,MEP,RFS,13GS64S62,0.01542,,1.733,,0.270784,,0.113817861,,0.1525125,
2013,Summer,August,Superior,SU17M,47.16505,-89.662183,195.6,8/21/2013 19:53,EDT,36.1,DCL,RFS,13GS64S75,0.0209,,2.01862,,0.770752,,0.19521746,,0.3407625,
2014,Spring,April,Erie,ER15M,42.515633,-79.892683,63.2,4/25/2014 0:23,EDT,10,10M,RFS,14GE17S43,0.01228,,3.891456,,0.436384,,0.078704976,,0.307895,
2014,Spring,April,Erie,ER78M,42.1207,-81.2507,23.2,4/24/2014 11:47,EDT,5,5M,RFS,14GE19S42,0.02135,,9.80848,,1.11178,,0.332750559,,1.175115,
2014,Spring,April,Erie,ER91M,41.84095,-82.91635,10.4,4/24/2014 20:01,EDT,5.3,MID,RFS,14GE21S03,0.050571429,,13.02468571,,1.06288,,0.391694605,,3.02092,
2014,Spring,April,Huron,HU15M,43.999583,-82.350417,67.5,4/22/2014 0:46,EDT,10,10M,RFS,14GH13S63,0.007816667,,1.373013333,,0.200506667,,0.078969079,,0.19237,
2014,Spring,April,Huron,HU45M,45.136567,-82.983383,97.4,4/21/2014 7:54,EDT,10,10M,RFS,14GH14S83,0.00785,,1.795066667,,0.276826667,,0.074793023,,0.1865825,
2014,Spring,April,Huron,HU54M,45.516933,-83.417117,129.2,4/20/2014 20:52,EDT,10.1,10M,RFS,14GH15S43,0.009116667,,1.560666667,,0.258186667,,0.060814862,,0.14777,
2014,Spring,April,Michigan,MI18M,42.733217,-86.999767,159.5,4/18/2014 5:32,EDT,10.1,10M,RFS,14GM10S43,0.00948,,1.23356,,0.32828,,0.147209808,,0.2177075,
2014,Spring,April,Michigan,MI27M,43.599617,-86.916567,104,4/18/2014 12:14,EDT,10.1,10M,RFS,14GM11S03,0.01092,,2.481472,,0.620973333,,0.124439354,,0.4071075,
2014,Spring,April,Michigan,MI41M,44.736583,-86.722683,358.4,4/19/2014 0:02,EDT,10,10M,RFS,14GM11S83,0.00928,,2.063648,,0.208693333,,0.075160156,,0.2335825,
2014,Spring,April,Ontario,ON33M,43.596533,-78.802233,137.9,4/25/2014 22:57,EDT,10.2,10M,RFS,14GO24S03,0.01425,,3.89984,,0.52116,,0.161729728,,0.344965714,
2014,Spring,April,Ontario,ON55M,43.4436,-77.43785,192.6,4/26/2014 17:50,EDT,10,10M,RFS,14GO23S03,0.020775,,4.78004,,0.80488,,0.179384649,,0.6109325,
2014,Spring,May,Superior,SU01M,46.993,-85.16,96.9,5/14/2014 14:24,EDT,10,10M,RFS,14GS25S83,0.0075875,,2.18344,,0.173256,,0.098567645,,0.1833075,
2014,Spring,May,Superior,SU08M,47.607567,-86.812033,286,5/15/2014 2:47,EDT,10,10M,RFS,14GS27S23,0.006725,,2.21144,,0.32048,,0.065969894,,0.1253575,
2014,Spring,May,Superior,SU17M,47.16615,-89.66245,199.3,5/18/2014 20:11,EDT,10,10M,RFS,14GS29S03,0.009585714,,1.82302,,0.33455,,0.070598173,,0.3369575,
2014,Summer,August,Erie,ER15M,42.5167,-79.893683,62.6,8/15/2014 16:31,EDT,10,MEP,RFS,14GE51S62,0.02425,,2.527725,,0.92802,,0.217594542,,0.627656667,
2014,Summer,August,Erie,ER78M,42.117183,-81.24965,23.1,8/14/2014 22:50,EDT,6.8,MEP,RFS,14GE53S62,0.0419,,4.6527,,1.760373333,,0.293538332,,0.871885,
2014,Summer,August,Erie,ER91M,41.841967,-82.916817,10.6,8/13/2014 21:54,EDT,5,MEP,RFS,14GE55S22,0.0591,,10.1998,,3.87288,,0.429548517,,2.63197,
2014,Summer,August,Huron,HU15M,44.001,-82.351,67.4,8/12/2014 0:31,EDT,4.5,MEP,RFS,14GH47S22,0.010875,,1.143925,,0.644933333,,0.097934946,,0.2683425,
2014,Summer,August,Huron,HU45M,45.136833,-82.983833,97,8/10/2014 21:41,EDT,3.9,MEP,RFS,14GH48S42,0.012375,,0.85405,,0.37422,,0.076384482,,0.1816175,
2014,Summer,August,Huron,HU45M,45.136833,-82.983833,97,8/10/2014 21:41,EDT,39.3,DCL,RFS,14GH48S55,0.016,,1.949775,,0.70334,,0.139183144,,0.375505,
2014,Summer,August,Huron,HU54M,45.516683,-83.416617,131,8/10/2014 6:06,EDT,5.1,MEP,RFS,14GH49S02,0.017025,,1.5446,,0.97972,,0.162106916,,0.50589,
2014,Summer,August,Huron,HU54M,45.516683,-83.416617,131,8/10/2014 6:06,EDT,18.6,DCL,RFS,14GH49S15,0.02185,,2.288475,,1.37934,,0.200748603,,0.61909,
2014,Summer,August,Michigan,MI18M,42.733983,-87.00015,159.8,8/6/2014 20:09,EDT,9,MEP,RFS,14GM41S42,0.0204,,2.275275,,0.50884,,0.164429242,,0.399505,
2014,Summer,August,Michigan,MI18M,42.733983,-87.00015,159.8,8/6/2014 20:09,EDT,40,DCL,RFS,14GM41S55,0.0184,,2.944025,,1.176,,0.1630561,,0.5733925,
2014,Summer,August,Michigan,MI27M,43.600183,-86.9167,102.1,8/7/2014 18:13,EDT,8,MEP,RFS,14GM42S02,0.02415,,1.91315,,0.7877,,0.188627601,,0.5378425,
2014,Summer,August,Michigan,MI27M,43.600183,-86.9167,102.1,8/7/2014 18:13,EDT,33.1,DCL,RFS,14GM42S15,0.01075,,2.395625,,0.89378,,0.123872454,,0.3074675,
2014,Summer,August,Michigan,MI41M,44.736533,-86.733433,266,8/8/2014 11:48,EDT,5,MEP,RFS,14GM42S82,0.023275,,2.0816,,0.75172,,0.195617368,,0.478091429,
2014,Summer,August,Michigan,MI41M,44.736533,-86.733433,266,8/8/2014 11:48,EDT,32.9,DCL,RFS,14GM42S95,0.026025,,2.3763,,1.00014,,0.227127363,,0.522134286,
2014,Summer,August,Ontario,ON33M,43.59715,-78.79985,139.6,8/16/2014 22:36,EDT,6,MEP,RFS,14GO58S62,0.038225,,4.861525,,1.9423,,0.337086272,,0.953773333,
2014,Summer,August,Ontario,ON33M,43.59715,-78.79985,139.6,8/16/2014 22:36,EDT,18,DCL,RFS,14GO58S75,0.032625,,5.11175,,1.15532,,0.354652667,,0.93769,
2014,Summer,August,Ontario,ON55M,43.442783,-77.437833,195.6,8/17/2014 22:53,EDT,7,MEP,RFS,14GO57S62,0.039025,,6.493075,,1.81394,,0.304385436,,0.816906667,
2014,Summer,August,Ontario,ON55M,43.442783,-77.437833,195.6,8/17/2014 22:53,EDT,28,DCL,RFS,14GO57S75,0.023825,,3.9209,,1.75828,,0.176867932,,0.51989,
2014,Summer,August,Superior,SU01M,46.993283,-85.160933,95.4,8/24/2014 16:28,EDT,6,MEP,RFS,14GS61S42,0.013975,,1.4792,,0.502192,,0.108786921,,0.2962425,
2014,Summer,August,Superior,SU01M,46.993283,-85.160933,95.4,8/24/2014 16:28,EDT,28.1,DCL,RFS,14GS61S55,0.01035,,1.9054,,0.749424,,0.140008459,,0.2865925,
2014,Summer,August,Superior,SU08M,47.606083,-86.81725,293.7,8/25/2014 23:19,EDT,5,MEP,RFS,14GS62S82,0.010975,,1.87205,,0.486752,,0.11788934,,0.25063,
2014,Summer,August,Superior,SU08M,47.606083,-86.81725,293.7,8/25/2014 23:19,EDT,25,DCL,RFS,14GS62S95,0.013575,,1.444325,,0.80856,,0.12097164,,0.3078425,
2014,Summer,August,Superior,SU17M,47.1648,-89.661233,200.3,8/27/2014 21:14,EDT,5,MEP,RFS,14GS64S62,0.016775,,1.613675,,0.62088,,0.129136354,,0.3859925,
2014,Summer,August,Superior,SU17M,47.1648,-89.661233,200.3,8/27/2014 21:14,EDT,24,DCL,RFS,14GS64S75,0.018525,,3.462475,,0.675232,,0.172643314,,0.4049675,
2016,Spring,April,Erie,ER15M,42.516883,-79.892717,64,4/6/2016 13:13,GMT,10,10M,RFS,16GE17S43,0.0171,,8.2602,,0.81342,,0.107313361,,3.446489,
2016,Spring,April,Erie,ER78M,42.1174,-81.249767,21.9,4/6/2016 1:54,GMT,5,5M,RFS,16GE19S42,0.0476,,10.99684,,1.4564,,0.517229006,,4.532325,
2016,Spring,April,Erie,ER91M,41.841017,-82.9164,8.4,4/4/2016 3:13,GMT,5.3,MID,RFS,16GE21S03,0.047166667,,27.45226667,,5.0145,,0.667310894,,15.55736,
2016,Spring,March,Huron,HU15M,44.0001,-82.350433,66,3/30/2016 15:46,GMT,10,10M,RFS,16GH13S63,0.006083333,,1.790666667,,0.25332,,0.059307595,,0.1909125,
2016,Spring,March,Huron,HU45M,45.13675,-82.983917,96,3/29/2016 19:38,GMT,10,10M,RFS,16GH14S83,0.007033333,,1.71384,,0.211266667,,0.056713218,,0.13624,
2016,Spring,March,Huron,HU54M,45.516733,-83.415733,139,3/29/2016 12:50,GMT,10,10M,RFS,16GH15S43,0.005125,,1.59164,,0.58148,,0.055601582,,0.25535,
2016,Spring,March,Michigan,MI18M,42.733167,-86.999733,164,3/27/2016 6:41,GMT,10,10M,RFS,16GM10S43,0.008775,,1.45095,,0.506013333,,0.075104954,,0.2500125,
2016,Spring,March,Michigan,MI27M,43.60065,-86.9162,104,3/27/2016 13:50,GMT,10,10M,RFS,16GM11S03,0.006375,,1.77936,,0.251786667,,0.057981965,,0.1996875,
2016,Spring,March,Michigan,MI41M,44.736417,-86.722117,270,3/28/2016 0:32,GMT,10,10M,RFS,16GM11S83,0.009375,,2.75928,,0.412293333,,0.076790161,,0.4320875,
2016,Spring,April,Ontario,ON33M,43.597317,-78.801867,142,4/8/2016 5:00,GMT,10.1,10M,RFS,16GO24S03,0.00765,,2.67972,,0.40716,,0.022119862,,0.159343,
2016,Spring,April,Ontario,ON55M,43.443283,-77.443317,93.1,4/10/2016 17:54,GMT,10,10M,RFS,16GO23S03,0.00835,,2.20256,,0.56068,,0.05663723,,0.200625,
2016,Spring,April,Superior,SU01M,46.993267,-85.161183,97,4/16/2016 5:10,GMT,10,10M,RFS,16GS25S83,0.0098,,2.54304,,0.27424,,0.080863632,,0.3245125,
2016,Spring,April,Superior,SU08M,47.605783,-86.817367,288.9,4/16/2016 18:12,GMT,10,10M,RFS,16GS27S23,0.00895,,1.997146667,,0.28188,,0.056866457,,0.125883,
2016,Spring,April,Superior,SU17M,47.164783,-89.66195,197,4/20/2016 12:23,GMT,10,10M,RFS,16GS29S03,0.008675,,2.46762,,0.311286667,,0.065389765,,0.230075,
2016,Summer,August,Erie,ER15M,42.516917,-79.88355,62,8/12/2016 14:56,GMT,7,MEP,RFS,16GE48S62,0.03485,,4.069725,,1.70686,,0.239437237,,0.618883333,
2016,Summer,August,Erie,ER15M,42.516917,-79.88355,62,8/12/2016 14:56,GMT,25.5,DCL,RFS,16GE48S75,0.03815,,4.82325,,2.138,,0.318876088,,0.6256,
2016,Summer,August,Erie,ER78M,42.11675,-81.24885,20.6,8/12/2016 0:11,GMT,7,MEP,RFS,16GE50S62,0.03335,,3.22985,,1.057248,,0.250869423,,0.617183333,
2016,Summer,August,Erie,ER91M,41.84115,-82.91765,7.8,8/11/2016 6:58,GMT,5,MID,RFS,16GE52S22,0.0873125,,8.0976875,,3.130971429,,0.681979299,,1.88555,
2016,Summer,August,Huron,HU15M,44.00365,-82.3506,67,8/9/2016 6:19,GMT,7,MEP,RFS,16GH45S22,0.008175,,0.586425,,0.31726,,0.064164144,,0.093675,
2016,Summer,August,Huron,HU45M,45.135283,-82.9827,83,8/8/2016 5:10,GMT,7.5,MEP,RFS,16GH46S42,0.013225,,0.8155,,0.38343,,0.117948547,,0.24215,
2016,Summer,August,Huron,HU45M,45.135283,-82.9827,83,8/8/2016 5:10,GMT,43.2,DCL,RFS,16GH46S55,0.019175,,1.550625,,0.660586667,,0.137816692,,0.3545625,
2016,Summer,August,Huron,HU54M,45.517183,-83.4156,144,8/7/2016 15:54,GMT,7,MEP,RFS,16GH47S02,0.014775,,1.114575,,0.520306667,,0.11744379,,0.2694,
2016,Summer,August,Huron,HU54M,45.517183,-83.4156,144,8/7/2016 15:54,GMT,41,DCL,RFS,16GH47S15,0.014675,,1.2463,,0.55812,,0.116210759,,0.273825,
2016,Summer,August,Michigan,MI18M,42.733,-87,163,8/2/2016 14:20,GMT,5,MEP,RFS,16GM40S42,0.008575,,0.6301,,0.286173333,,0.085386852,,0.1387125,
2016,Summer,August,Michigan,MI18M,42.733,-87,163,8/2/2016 14:20,GMT,40.1,DCL,RFS,16GM40S55,0.02105,,1.880375,,0.928826667,,0.16165335,,0.33325,
2016,Summer,August,Michigan,MI27M,43.599567,-86.915983,106,8/5/2016 22:52,GMT,5.5,MEP,RFS,16GM41S02,0.013825,,0.902325,,0.40852,,0.106859073,,0.213475,
2016,Summer,August,Michigan,MI27M,43.599567,-86.915983,106,8/5/2016 22:52,GMT,41.9,DCL,RFS,16GM41S15,0.030525,,2.319775,,1.345493333,,0.166736801,,0.5784875,
2016,Summer,August,Michigan,MI41M,44.7371,-86.7226,269,8/5/2016 17:40,GMT,4,MEP,RFS,16GM41S82,0.0213,,1.42355,,0.60726,,0.182220971,,0.3434375,
2016,Summer,August,Michigan,MI41M,44.7371,-86.7226,269,8/5/2016 17:40,GMT,40,DCL,RFS,16GM41S95,0.026675,,3.2529,,1.20566,,0.19773374,,0.4873375,
2016,Summer,August,Ontario,ON33M,43.596117,-78.801717,141,8/13/2016 16:52,GMT,5,MEP,RFS,16GO54S62,0.0365,,3.371266667,,1.39968,,0.279812843,,0.5816,
2016,Summer,August,Ontario,ON33M,43.596117,-78.801717,141,8/13/2016 16:52,GMT,20,DCL,RFS,16GO54S75,0.0401,,4.235166667,,2.2197,,0.303901747,,0.941533333,
2016,Summer,August,Ontario,ON55M,43.442083,-77.436567,199,8/14/2016 11:37,GMT,5.1,MEP,RFS,16GO53S62,0.034075,,2.61615,,1.3238,,0.220467724,,0.492316667,
2016,Summer,August,Superior,SU01M,46.992917,-85.16135,95,8/22/2016 7:05,GMT,5,MEP,RFS,16GS56S42,0.01795,,1.0865,,0.737666667,,0.136521886,,0.279125,
2016,Summer,August,Superior,SU01M,46.992917,-85.16135,95,8/22/2016 7:05,GMT,25.1,DCL,RFS,16GS56S55,0.02485,,2.15545,,0.537373333,,0.188666667,,0.3787125,
2016,Summer,August,Superior,SU08M,47.60585,-86.8177,295.6,8/24/2016 18:05,GMT,6.2,MEP,RFS,16GS57S82,0.01665,,1.632625,,0.655872,,0.144463465,,0.2406875,
2016,Summer,August,Superior,SU08M,47.60585,-86.8177,295.6,8/24/2016 18:05,GMT,27,DCL,RFS,16GS57S95,0.02255,,2.814425,,1.142144,,0.177807202,,0.3485125,
2016,Summer,August,Superior,SU17M,47.164433,-89.66185,196.8,8/25/2016 19:41,GMT,5,MEP,RFS,16GS59S62,0.01285,,0.71825,,0.273966667,,0.096209536,,0.24725,
2016,Summer,August,Superior,SU17M,47.164433,-89.66185,196.8,8/25/2016 19:41,GMT,30,DCL,RFS,16GS59S75,0.020525,,2.2736,,0.73935,,0.171936437,,0.3389375,
2017,Spring,April,Erie,ER15M,42.5155,-79.893652,64,4/7/2017 4:29,GMT,10.1,10M,RFS,17GE17S43,0.017675,,4.4,,0.3648,,0.155109577,,1.196825,
2017,Spring,April,Erie,ER78M,42.118,-81.2495,21.8,4/6/2017 15:33,GMT,5,5M,RFS,17GE19S42,0.05,,14.8,,2.11,,0.455741614,,5.95012,
2017,Spring,April,Erie,ER91M,41.840485,-82.916652,8.4,4/5/2017 9:56,GMT,4.5,MID,RFS,17GE21S03,0.026,,20.96,,2.38,,0.35869054,,12.2585,
2017,Spring,March,Huron,HU15M,44.000768,-82.352137,68,3/31/2017 15:11,GMT,10,10M,RFS,17GH13S63,0.007666667,,1.525333333,,0.17,,0.056390618,,0.22005,
2017,Spring,April,Huron,HU45M,45.136452,-82.982168,102,4/1/2017 10:02,GMT,10,10M,RFS,17GH14S83,0.006083333,,1.8,,0.194,,0.046516245,,0.126825,
2017,Spring,March,Huron,HU54M,45.518,-83.42,135,3/29/2017 22:09,GMT,10,10M,RFS,17GH15S43,0.007833333,,1.898666667,,0.150666667,,0.047012975,,0.1616,
2017,Spring,March,Michigan,MI18M,42.733735,-86.999617,164,3/27/2017 7:39,GMT,10,10M,RFS,17GM10S43,0.00915,,1.75,,0.332,,0.070766866,,0.3434,
2017,Spring,March,Michigan,MI27M,43.5999,-86.915933,103.4,3/27/2017 14:07,GMT,10,10M,RFS,17GM11S03,0.007,,1.8,,0.353333333,,0.050812018,,0.1552125,
2017,Spring,March,Michigan,MI41M,44.735967,-86.722755,258.8,3/28/2017 7:31,GMT,10,10M,RFS,17GM11S83,0.0079,,2.7,,0.262666667,,0.051029608,,0.2807,
2017,Spring,April,Ontario,ON33M,43.5961,-78.802652,143,4/9/2017 5:05,GMT,10,10M,RFS,17GO24S03,0.005886364,,2.225454545,,0.1425,,0.053381016,,0.1720125,
2017,Spring,April,Ontario,ON55M,43.443217,-77.438383,192,4/9/2017 18:37,GMT,10,10M,RFS,17GO23S03,0.008475,,2.764,,0.174857143,,0.059024177,,0.1694625,
2017,Spring,April,Superior,SU01M,46.99265,-85.160917,92.5,4/16/2017 16:22,GMT,10,10M,RFS,17GS25S83,0.0085875,,2.32,,0.1144,,0.066861697,,0.3521875,
2017,Spring,April,Superior,SU08M,47.609,-86.829,289,4/17/2017 4:03,GMT,9.9,10M,RFS,17GS27S23,0.00675,,2.16,,0.186,,0.048976041,,0.216533333,
2017,Spring,April,Superior,SU17M,47.163433,-89.663233,200,4/21/2017 12:14,GMT,9.9,10M,RFS,17GS29S03,0.0075375,,1.844,,0.109333333,,0.05115735,,0.351275,
2017,Summer,August,Erie,ER15M,42.5166,-79.8926,61,8/14/2017 17:18,GMT,6.5,MEP,RFS,17GE51S62,0.034,,6.2,,1.21,,0.299609929,,1.05134,
2017,Summer,August,Erie,ER78M,42.111568,-81.242205,20.8,8/14/2017 0:54,GMT,9,MEP,RFS,17GE53S62,0.067,,9.3,,2.5,,0.12465106,,0.90546,
2017,Summer,August,Erie,ER91M,41.840667,-82.917588,8.2,8/13/2017 4:57,GMT,5,MID,RFS,17GE55S22,0.050833333,,8.583333333,,3.150684932,,0.560040295,,3.201233333,
2017,Summer,August,Huron,HU15M,43.999883,-82.350267,66.1,8/10/2017 14:26,GMT,6.5,MEP,RFS,17GH47S22,0.0096,,0.91,,0.291428571,,0.07615457,,0.1391875,
2017,Summer,August,Huron,HU15M,43.999883,-82.350267,66.1,8/10/2017 14:26,GMT,35.5,DCL,RFS,17GH47S35,0.0121,,1.395,,0.299428571,,0.102036903,,0.2116875,
2017,Summer,August,Huron,HU45M,45.135468,-82.986288,84,8/9/2017 4:07,GMT,7.6,MEP,RFS,17GH48S42,0.00955,,0.825,,0.416,,0.067728288,,0.206675,
2017,Summer,August,Huron,HU45M,45.135468,-82.986288,84,8/9/2017 4:07,GMT,52,DCL,RFS,17GH48S55,0.006925,,1.025,,0.266666667,,0.055839395,,0.2613875,
2017,Summer,August,Huron,HU54M,45.516418,-83.417217,125,8/8/2017 12:47,GMT,,DCL,RFS,17GH49S15,0.0089,,1.2375,,0.501333333,,0.087223853,,0.1649125,
2017,Summer,August,Huron,HU54M,45.516418,-83.417217,125,8/8/2017 12:47,GMT,,MEP,RFS,17GH49S02,0.010825,,0.96,,0.328,,0.082506821,,0.1752875,
2017,Summer,August,Michigan,MI18M,42.7331,-86.999967,163,8/3/2017 9:55,GMT,,DCL,RFS,17GM41S55,0.026,,2.775,,0.6656,,0.184162458,,0.368783333,
2017,Summer,August,Michigan,MI18M,42.7331,-86.999967,163,8/3/2017 9:55,GMT,,MEP,RFS,17GM41S42,0.0136,,1.18,,0.3616,,0.080351569,,0.1884125,
2017,Summer,August,Michigan,MI27M,43.599533,-86.917067,103.4,8/5/2017 18:10,GMT,,DCL,RFS,17GM42S15,0.014325,,2.1125,,0.810666667,,0.172373195,,0.384025,
2017,Summer,August,Michigan,MI27M,43.599533,-86.917067,103.4,8/5/2017 18:10,GMT,,MEP,RFS,17GM42S02,0.016875,,1.5,,0.421333333,,0.120056997,,0.2773,
2017,Summer,August,Michigan,MI41M,44.736667,-86.72175,258.4,8/6/2017 13:08,GMT,,DCL,RFS,17GM42S95,0.02825,,3.825,,0.649333333,,0.206145167,,0.477466667,
2017,Summer,August,Michigan,MI41M,44.736667,-86.72175,258.4,8/6/2017 13:08,GMT,,MEP,RFS,17GM42S82,0.016875,,1.585,,0.394666667,,0.143794343,,0.244925,
2017,Summer,August,Ontario,ON33M,43.596052,-78.801702,142,8/16/2017 5:29,GMT,5,LEP,RFS,17GO58S63,0.049,,5.85,,2.16,,0.353379831,,1.408155556,
2017,Summer,August,Ontario,ON33M,43.596052,-78.801702,142,8/16/2017 5:29,GMT,11,DCL,RFS,17GO58S75,0.05625,,6.3,,1.814,,0.462903067,,1.276088889,
2017,Summer,August,Ontario,ON55M,43.421685,-77.44302,191,8/17/2017 0:38,GMT,7,MEP,RFS,17GO57S62,0.046,,6.05,,0.98,,0.32465598,,1.135966667,
2017,Summer,August,Superior,SU01M,46.993118,-85.16022,97,8/24/2017 5:57,GMT,7.1,MEP,RFS,17GS61S42,0.01535,,1.3025,,0.353333333,,0.147671069,,0.2932125,
2017,Summer,August,Superior,SU01M,46.993118,-85.16022,97,8/24/2017 5:57,GMT,25,DCL,RFS,17GS61S55,0.015575,,1.8725,,0.294814815,,0.148945987,,0.39145,
2017,Summer,August,Superior,SU08M,47.606,-86.817,291.3,8/24/2017 17:58,GMT,6.5,MEP,RFS,17GS62S82,0.016575,,1.64,,0.281333333,,0.144494439,,0.225675,
2017,Summer,August,Superior,SU08M,47.606,-86.817,291.3,8/24/2017 17:58,GMT,33,DCL,RFS,17GS62S95,0.018975,,2.495,,0.401333333,,0.133558964,,0.295775,
2017,Summer,August,Superior,SU17M,47.164502,-89.660372,204,8/28/2017 4:48,GMT,5,MEP,RFS,17GS64S62,0.0138,,1.7475,,0.414666667,,0.112995396,,0.3231,
2017,Summer,August,Superior,SU17M,47.164502,-89.660372,204,8/28/2017 4:48,GMT,27,DCL,RFS,17GS64S75,0.022225,,2.07,,0.609333333,,0.15447631,,0.369725,
2018,Spring,April,Erie,ER15M,42.516667,-79.89295,64,4/8/2018 22:31,GMT,10,10M,RFS,18GE05S63,0.020681818,,6.091909091,,0.784956522,,0.154398523,,3.966291667,
2018,Spring,April,Erie,ER78M,42.116617,-81.25065,22.1,4/8/2018 15:39,GMT,5,5M,RFS,18GE07S62,0.0472,,10.4392,,3.97084,,0.442965547,,5.5436,
2018,Spring,April,Erie,ER91M,41.840517,-82.91645,9.5,4/7/2018 21:06,GMT,4.8,MID,RFS,18GE09S23,0.0607,,32.833,,4.83055,,1.141404788,,41.2325,
2018,Spring,April,Huron,HU15M,44.000167,-82.35,98.6,4/3/2018 16:27,GMT,10,10M,RFS,18GH03S23,0.00625,,1.488583333,,0.3813,,0.093285367,,0.24985,
2018,Spring,April,Huron,HU45M,45.136767,-82.9829,101,4/3/2018 2:45,GMT,10,10M,RFS,18GH04S43,0.006483333,,0.9901,,0.36141,,0.062877052,,0.29695,
2018,Spring,April,Huron,HU54M,45.516733,-83.417183,118.2,4/2/2018 18:23,GMT,10,10M,RFS,18GH05S03,0.0067,,1.0245,,0.38345,,0.060002958,,0.2995,
2018,Spring,March,Michigan,MI18M,42.732472,-86.999138,164,3/29/2018 8:48,GMT,10,10M,RFS,18GM00S43,0.00965,,1.513125,,0.56864,,0.094434937,,0.7405,
2018,Spring,March,Michigan,MI27M,43.599717,-86.916467,102.4,3/29/2018 15:51,GMT,10,10M,RFS,18GM01S03,0.008025,,0.98095,,0.223093333,,0.08413472,,0.203875,
2018,Spring,March,Michigan,MI41M,44.73695,-86.721367,271,3/30/2018 22:00,GMT,10,10M,RFS,18GM01S83,0.0122,,1.643625,,0.51272,,0.09342882,,0.238425,
2018,Spring,April,Ontario,ON33M,43.594518,-78.8019,143,4/10/2018 8:02,GMT,10,10M,RFS,18GO10S83,0.010925,,2.757,,0.720066667,,0.120185271,,0.240225,
2018,Spring,April,Ontario,ON55M,43.443817,-77.44155,189,4/11/2018 13:20,GMT,10,10M,RFS,18GO09S83,0.016875,,3.330025,,1.641933333,,0.131903887,,0.289575,
2018,Spring,May,Superior,SU01M,46.993,-85.161,92,5/11/2018 16:55,GMT,10,10M,RFS,18GS11S23,0.00865,,1.404725,,0.61202,,0.113430565,,0.193825,
2018,Spring,May,Superior,SU08M,47.606102,-86.817667,308,5/12/2018 5:07,GMT,10,10M,RFS,18GS12S63,0.008575,,1.3711625,,0.646393333,,0.100401709,,0.144575,
2018,Spring,May,Superior,SU17M,47.164885,-89.66145,207,5/15/2018 5:37,GMT,10,10M,RFS,18GS14S43,0.00835,,1.3893875,,0.502913333,,0.10365659,,0.273075,
2018,Summer,August,Erie,ER15M,42.5175,-79.893303,63,8/13/2018 7:54,GMT,5,MEP,RFS,18GE49S82,0.055175,,4.308075,,0.873088,,0.302881375,FPC-QC,0.6753,
2018,Summer,August,Erie,ER15M,42.5175,-79.893303,63,8/13/2018 7:54,GMT,14,DCL,RFS,18GE49S95,0.0326,,4.8991,,0.58312,,0.228587613,"FPC-QC,FRB-QC",0.4412,
2018,Summer,August,Erie,ER43,41.788,-81.945,20.3,8/11/2018 1:48,GMT,6.5,MEP,RFS,18GE50S82,0.077466667,,5.398233333,,1.366,,0.624928494,FPC-QC,10.9798,
2018,Summer,August,Erie,ER78M,42.119467,-81.246867,21.7,8/12/2018 15:59,GMT,5.5,MEP,RFS,18GE51S82,0.0356,,3.62885,,0.34404,,0.344921097,FPC-QC,0.53956,
2018,Summer,August,Huron,HU15M,44.000052,-82.349802,67,8/7/2018 22:09,GMT,5,MEP,RFS,18GH45S82,0.01335,,0.783325,,0.177373333,,0.111574446,"FPC-QC,FRB-QC",0.1273,
2018,Summer,August,Huron,HU15M,44.000052,-82.349802,67,8/7/2018 22:09,GMT,33.1,DCL,RFS,18GH45S95,0.011125,,1.160075,,0.1242,,0.110469545,"FPC-QC,FRB-QC",0.251225,
2018,Summer,August,Huron,HU45M,45.136383,-82.983167,95.5,8/6/2018 19:38,GMT,5.5,MEP,RFS,18GH47S02,0.01805,,1.144175,,0.232746667,,0.200196669,"FPC-QC,FRB-QC",0.3235,
2018,Summer,August,Huron,HU45M,45.136383,-82.983167,95.5,8/6/2018 19:38,GMT,29,DCL,RFS,18GH47S15,0.013875,,1.257575,,0.128253333,,0.178924203,"FPC-QC,FRB-QC",0.1761,
2018,Summer,August,Huron,HU54M,45.516718,-83.417333,127,8/5/2018 12:23,GMT,4.5,MEP,RFS,18GH47S62,0.02355,,1.4832,,0.261851852,,0.174994389,"FPC-QC,FRB-QC",0.393236364,
2018,Summer,August,Huron,HU54M,45.516718,-83.417333,127,8/5/2018 12:23,GMT,16.6,DCL,RFS,18GH47S75,0.025366667,,2.3846,,0.37532,,0.248782463,FPC-QC,0.506622222,
2018,Summer,August,Michigan,MI18M,42.738983,-87.020852,160,8/2/2018 9:25,GMT,4,MEP,RFS,18GM40S42,0.01645,,1.25045,,0.24052,,0.129680092,FRB-QC,0.312375,
2018,Summer,August,Michigan,MI18M,42.738983,-87.020852,160,8/2/2018 9:25,GMT,32,DCL,RFS,18GM40S55,0.022475,,2.143725,,0.384013333,,0.224335432,,0.450766667,
2018,Summer,August,Michigan,MI27M,43.599,-86.916,107,8/2/2018 22:44,GMT,4.5,MEP,RFS,18GM41S02,0.017325,,1.053175,,0.230213333,,0.126182487,FRB-QC,0.336325,
2018,Summer,August,Michigan,MI27M,43.599,-86.916,107,8/2/2018 22:44,GMT,34,DCL,RFS,18GM41S15,0.01745,,2.048375,,0.238826667,,0.186972996,,0.37885,
2018,Summer,August,Michigan,MI41M,44.7367,-86.721583,258.4,8/3/2018 18:31,GMT,4,MEP,RFS,18GM41S82,0.017975,,1.227575,,0.25612,,0.149720003,FRB-QC,0.2253,
2018,Summer,August,Michigan,MI41M,44.7367,-86.721583,258.4,8/3/2018 18:31,GMT,33,DCL,RFS,18GM41S95,0.029025,,2.561425,,0.757493333,,0.266259084,,0.41135,
2018,Summer,August,Ontario,ON33M,43.59595,-78.8145,135.1,8/14/2018 15:26,GMT,5,MEP,RFS,18GO56S42,0.041833333,,4.241333333,,0.54868,,0.20842163,FPC-QC,0.5807,
2018,Summer,August,Ontario,ON33M,43.59595,-78.8145,135.1,8/14/2018 15:26,GMT,8.4,DCL,RFS,18GO56S55,0.034125,,3.861575,,0.61332,,0.217796373,FPC-QC,0.5874,
2018,Summer,August,Ontario,ON55M,43.443617,-77.438335,198,8/16/2018 0:29,GMT,6,MEP,RFS,18GO55S42,0.044775,,4.915975,,0.87664,,0.329891458,FPC-QC,0.8877,
2018,Summer,August,Ontario,ON55M,43.443617,-77.438335,198,8/16/2018 0:29,GMT,19.9,DCL,RFS,18GO55S55,0.06305,,5.8349,,1.252256,,0.490024045,FPC-QC,1.157966667,
2018,Summer,August,Superior,SU01M,46.993287,-85.161353,96,8/22/2018 22:03,GMT,20,DCL,RFS,18GS58S75,0.019425,,1.9253,QCI-QC,0.540071429,QCI-QC,0.167871803,"FPC-QC,QCI-QC",0.363166667,
2018,Summer,August,Superior,SU08M,47.605835,-86.818385,243,8/29/2018 0:26,GMT,5,MEP,RFS,18GS60S02,0.02005,,1.409775,QCI-QC,0.216626667,QCI-QC,0.123177961,"FPC-QC,QCI-QC",0.22995,
2018,Summer,August,Superior,SU08M,47.605835,-86.818385,243,8/29/2018 0:26,GMT,29,DCL,RFS,18GS60S15,0.0225,,2.560575,QCI-QC,1.1116,QCI-QC,0.177295382,"FPC-QC,QCI-QC",0.31545,
2018,Summer,August,Superior,SU17M,47.164683,-89.661867,198.7,8/24/2018 14:16,GMT,21,DCL,RFS,18GS61S95,,,2.4542,QCI-QC,0.47206,QCI-QC,0.205338498,"FPC-QC,QCI-QC",0.35015,
2019,Spring,April,Erie,ER15M,42.51625,-79.8929,65,4/22/2019 21:31,GMT,10,10M,RFS,19GE05S63,0.017875,,2.018033333,,0.608426667,,0.086480886,,0.43,
2019,Spring,April,Erie,ER78M,42.116717,-81.249717,22.3,4/22/2019 11:02,GMT,5,5M,RFS,19GE07S62,0.0522,,6.74775,,1.9792,,0.471925656,,2.51,
2019,Spring,April,Erie,ER91M,41.841,-82.917,8.8,4/21/2019 3:04,GMT,5.8,MID,RFS,19GE09S23,0.0397,,20.7642,,5.52216,,0.795271397,,14.93,
2019,Spring,April,Huron,HU15M,43.999918,-82.350205,69,4/17/2019 22:00,GMT,10,10M,RFS,19GH03S23,0.007166667,,0.8107,,0.17432,,0.072414237,,0.16,
2019,Spring,April,Huron,HU45M,45.1364,-82.982988,101,4/17/2019 9:53,GMT,10,10M,RFS,19GH04S43,0.007316667,,0.877583333,,0.20916,,0.056828444,,0.19,
2019,Spring,April,Huron,HU54M,45.516552,-83.416765,132,4/17/2019 0:10,GMT,10,10M,RFS,19GH05S03,0.00565,,1.005966667,,0.19418,,0.065966075,,0.17,
2019,Spring,April,Michigan,MI18M,42.733518,-86.999568,164,4/4/2019 6:01,GMT,10,10M,RFS,19GM00S43,0.0131,,1.2656,,0.247106667,,0.114271929,,0.25,
2019,Spring,April,Michigan,MI27M,43.599967,-86.9167,103,4/4/2019 13:45,GMT,10.1,10M,RFS,19GM01S03,0.012125,,1.54905,,0.412493333,,0.113784254,,0.22,
2019,Spring,April,Michigan,MI41M,44.73677,-86.722283,272,4/5/2019 3:19,GMT,10,10M,RFS,19GM01S83,0.012875,,1.783975,,0.488946667,,0.120281726,,0.29,
2019,Spring,April,Ontario,ON33M,43.59665,-78.802072,143,4/25/2019 2:09,GMT,10,10M,RFS,19GO10S83,0.010025,,2.3816,,0.639093333,,0.091333333,,0.24,
2019,Spring,April,Ontario,ON55M,43.443817,-77.438117,200,4/25/2019 15:06,GMT,10,10M,RFS,19GO09S83,0.009925,,2.36015,,0.512693333,,0.084193205,,0.44,
2019,Spring,May,Superior,SU01M,46.992667,-85.1611,93.5,5/2/2019 18:08,GMT,10,10M,RFS,19GS11S23,0.0134125,,1.4762375,,0.277806667,,0.0820132,,0.15,
2019,Spring,May,Superior,SU08M,47.60632,-86.815072,306,5/3/2019 5:24,GMT,10,10M,RFS,19GS12S63,0.0085625,,1.889675,,0.23808,,0.081399205,,0.16,
2019,Spring,May,Superior,SU17M,47.164683,-89.662202,207,5/7/2019 3:32,GMT,10,10M,RFS,19GS14S43,0.0133875,,1.5729875,,0.335593333,,0.116239528,,0.28,
2019,Summer,August,Erie,ER15M,42.516,-79.893,63,8/11/2019 0:43,GMT,6,MEP,RFS,19GE49S82,0.0327,,3.52095,,0.8076,,0.286076948,,0.6,
2019,Summer,August,Erie,ER78M,42.117,-81.253,21.1,8/10/2019 11:57,GMT,7.4,MEP,RFS,19GE51S82,0.0462,,4.23235,,1.11608,,0.329005614,,0.44,
2019,Summer,August,Erie,ER91M,41.841,-82.915,8.5,8/9/2019 2:17,GMT,5.6,MEP,RFS,19GE53S42,0.137,,12.59253333,,2.8444,,0.920624018,,3.83,
2019,Summer,August,Huron,HU15M,44.000417,-82.35002,67.8,8/6/2019 16:02,GMT,5,MEP,RFS,19GH45S82,0.010725,,0.7369,,0.15176,,0.137188971,,0.26,
2019,Summer,August,Huron,HU15M,44.000417,-82.35002,67.8,8/6/2019 16:02,GMT,51.2,DCL,RFS,19GH45S95,0.013925,,1.19595,,0.2394,,0.13105091,,0.29,
2019,Summer,August,Huron,HU45M,45.136902,-82.983083,100,8/5/2019 13:23,GMT,5,MEP,RFS,19GH47S02,0.0134,,1.169625,,0.307653333,,0.116235857,,0.2,
2019,Summer,August,Huron,HU45M,45.136902,-82.983083,100,8/5/2019 13:23,GMT,37,DCL,RFS,19GH47S15,0.0104,,1.379475,,0.2096,,0.169888899,,0.18,
2019,Summer,August,Huron,HU54M,45.516585,-83.416833,130,8/5/2019 4:24,GMT,3,MEP,RFS,19GH47S62,0.014075,,1.1596,,0.256,,0.125968402,,0.15,
2019,Summer,August,Huron,HU54M,45.516585,-83.416833,130,8/5/2019 4:24,GMT,23.4,DCL,RFS,19GH47S75,0.01825,,1.515225,,0.168133333,,0.177321464,,0.2,
2019,Summer,August,Michigan,MI18M,42.733133,-87.000437,159,8/1/2019 23:56,GMT,5.5,MEP,RFS,19GM40S42,0.0137,,1.220625,,0.231346667,,0.097695877,,0.37,
2019,Summer,August,Michigan,MI18M,42.733133,-87.000437,159,8/1/2019 23:56,GMT,36,DCL,RFS,19GM40S55,0.02855,,2.84365,,0.469133333,,0.245424459,,0.45,
2019,Summer,August,Michigan,MI27M,43.599867,-86.917353,104,8/2/2019 20:30,GMT,5,MEP,RFS,19GM41S02,0.017125,,1.42475,,0.241533333,,0.186195026,,0.31,
2019,Summer,August,Michigan,MI27M,43.599867,-86.917353,104,8/2/2019 20:30,GMT,38.1,DCL,RFS,19GM41S15,0.0272,,2.265425,,0.382346667,,0.20141089,,0.31,
2019,Summer,August,Michigan,MI41M,44.736517,-86.721785,259,8/3/2019 13:25,GMT,4.5,MEP,RFS,19GM41S82,0.020275,,1.511425,,0.469333333,,0.15961733,,0.27,
2019,Summer,August,Michigan,MI41M,44.736517,-86.721785,259,8/3/2019 13:25,GMT,38.9,DCL,RFS,19GM41S95,0.02135,,2.618275,,0.481693333,,0.214771867,,0.41,
2019,Summer,August,Ontario,ON33M,43.597267,-78.802733,142,8/13/2019 9:52,GMT,5,MEP,RFS,19GO56S42,0.031425,,4.61775,,0.616432,,0.264612937,,0.34,
2019,Summer,August,Ontario,ON33M,43.597267,-78.802733,142,8/13/2019 9:52,GMT,16,DCL,RFS,19GO56S55,0.04595,,6.9623,,1.285392,,0.333324897,,0.73,
2019,Summer,August,Ontario,ON55M,43.444002,-77.441388,201,8/14/2019 6:58,GMT,8,MEP,RFS,19GO55S42,0.032875,,4.658625,,1.345504,,0.271726896,,0.4,
2019,Summer,August,Ontario,ON55M,43.444002,-77.441388,201,8/14/2019 6:58,GMT,23,DCL,RFS,19GO55S55,0.050975,,5.9836,,1.793232,,0.27518335,,0.66,
2019,Summer,August,Superior,SU01M,46.993652,-85.16147,94.3,8/25/2019 15:07,GMT,5,MEP,RFS,19GS58S62,0.01465,,0.999875,,0.35064,,0.125838677,,0.26,
2019,Summer,August,Superior,SU01M,46.993652,-85.16147,94.3,8/25/2019 15:07,GMT,30,DCL,RFS,19GS58S75,0.02275,,1.829975,,0.246,,0.210970173,,0.22,
2019,Summer,August,Superior,SU08M,47.606037,-86.81762,305,8/25/2019 4:42,GMT,5,MEP,RFS,19GS60S02,0.0167,,1.551525,,0.37568,,0.141810368,,0.23,
2019,Summer,August,Superior,SU08M,47.606037,-86.81762,305,8/25/2019 4:42,GMT,37,DCL,RFS,19GS60S15,0.0159,,2.06435,,0.319666667,,0.152777945,,0.17,
2019,Summer,August,Superior,SU17M,47.164602,-89.661922,208,8/22/2019 5:13,GMT,2,SRF,RFS,19GS61S81,0.012475,,1.29685,,0.414106667,,0.128853609,,0.41,
2019,Summer,August,Superior,SU17M,47.164602,-89.661922,208,8/22/2019 5:13,GMT,29.9,DCL,RFS,19GS61S95,0.026475,,2.060675,,0.76356,,0.222376774,,0.29,
